Matt_Estrada,Northern_Arizona_University
Terry_Johnson_(ice_hockey),St._Louis_Blues
Jim_Lacy,Loyola_Blakefield
John_da_Silva_Antao,Seton_Hall_University
Stefano_Di_Chiara,A.S._Viterbese_Calcio
Shaone_Morrisonn,Boston_Bruins
Kenneth_Davis_(American_football),Buffalo_Bills
Benn_Konsynski,Emory_University
Albert_Prince-Cox,Gloucester_City_A.F.C.
David_Poisson_(alpine_skier),Salomon_Group
Shing-Tung_Yau,"University_of_California,_Berkeley"
Joanne_Grant,Syracuse_University
Jack_Schmidt,Boston_Bruins
Vojo_Gardašević,La_Passe_FC
Rich_Barcelo,"University_of_Nevada,_Reno"
Lori_A._Clarke,University_of_Massachusetts_Amherst
Gregor_Baumgartner,Dallas_Stars
Roddy_Collins,Waterford_United_F.C.
Sena_Acolatse,American_Hockey_League
Aaron_Pettrey,Cincinnati_Bengals
Juan_Mujica,Deportes_Tolima
Dan_LaCosta,UNB_Varsity_Reds
Timo_Liekoski,Finland_national_under-17_football_team
Cindy_Jackson,Ohio_State_University
Worakorn_Wichanarong,Bangkok_United_F.C.
Richard_McNally,University_of_Illinois_at_Chicago
Mike_Connelly,Los_Angeles_Rams
Austin_McHenry,St._Louis_Cardinals
Miljan_Rakić,Falco_KC_Szombathely
Fran_Pavley,"California_State_University,_Northridge"
Vladimir_Dergach,FC_Baltika_Kaliningrad
Michael_Roney,University_of_Michigan
Dexter_Jackson_(wide_receiver),New_York_Jets
Yevhen_Kanana,Ukrainian_Premier_League
Lee_Nystrom,Macalester_College
Brian_Hernandez,Saskatchewan_Roughriders
Jonathan_Forte,Barbados_national_football_team
Alexander_Selivanov,Philadelphia_Flyers
Cílio_André_Souza,Oliveira_do_Bairro_S.C.
Mohamad_Hachad,Montreal_Matrix
Ņikita_Koļesņikovs,GET-ligaen
Pontus_Åberg,Djurgårdens_IF_Hockey
Ed_Romero,Milwaukee_Brewers
Walter_Koppisch,New_York_Giants
Richard_Blaze,Worcester_Warriors
Igor_Boldin,HPK
Joel_Santana,Brasiliense_Futebol_Clube
Lai_Chiu-han_Linda,New_York_University
"Gerald_Legge,_9th_Earl_of_Dartmouth",Eton_College
Andrew_Rosenthal,University_of_Denver
Carey_Davis,Washington_Redskins
Jeff_Fager,Colgate_University
Ivona_Bogoje,WBFAL
Voise_Winters,Oyak_Renault
Oscar_Reed,Atlanta_Falcons
Nikolai_Gosudarenkov,FC_Sheksna_Cherepovets
Mikko_Mäenpää,JYP_Jyväskylä
Vladimir_Petrov_(ice_hockey),SKA_Saint_Petersburg
Papalau_Awele,Papua_New_Guinea_national_football_team
Steve_Ferrughelli,Montreal_Alouettes
Javier_Ortega_Desio,San_Isidro_Club
Frank_Haith,Penn_State_Nittany_Lions
John_Woodall_(British_Army_officer),British_Army
Danny_aus_den_Birken,Adler_Mannheim
Kim_Pan-gon,Gyeongnam_FC
Constantin_Cernăianu,Romania_national_under-21_football_team
Kim_Hirschovits,Jokerit
Brian_Williams_(cornerback),Minnesota_Vikings
Eric_Wilbur,Toronto_Argonauts
Ben_Cohen_(rugby_union),Northampton_Saints
Alpheus_Felch,Bowdoin_College
Benardrick_McKinney,Houston_Texans
Tore_Vikingstad,St._Louis_Blues
Andre_Spencer,Atlanta_Hawks
Daniel_Frank_(ice_hockey),HC_Merano
Larry_Crawford_(baseball),Philadelphia_Phillies
Aleksandr_Dmitriyevich_Kuznetsov,FC_Slavia-Mozyr
DeCori_Birmingham,New_York_Giants
Dave_Lucas,Detroit_Red_Wings
Stratos_Iordanoglou,Greek_Basket_League
Rusty_LaRue,Golden_State_Warriors
Patrick_Warburton,Orange_Coast_College
José_Riga,R.A.E.C._Mons
Oleg_Dulub,FC_Darida_Minsk_Raion
Harry_Lumley_(ice_hockey),Boston_Bruins
Michael_Liambas,Milwaukee_Admirals
John_Brill,Kalamazoo_Wings
John_Pohl,Toronto_Maple_Leafs
John_Kerr_(Royal_Navy_officer),Royal_Navy
Tom_McGraw,St._Louis_Cardinals
Manuel_Herrero_Maestre,Villajoyosa_CF
Jonathan_Broxton,Los_Angeles_Dodgers
Nevin_McCaskill,Green_Bay_Packers
Sam_Yoon,Princeton_University
Sam_Harding_(rugby_union),Northampton_Saints
J._R._Ruffin,BC_Lions
Darije_Kalezić,Roda_JC_Kerkrade
Jan_Fadrný,MsHK_Žilina
Mark_Easter,Sale_Sharks
LaMarr_Greer,Ironi_Nahariya
Ján_Kocian,FK_Drnovice
Chris_Bigras,San_Antonio_Rampage
Walter_Peintinger,Kapfenberger_SV
Perry_Humphreys,Nottingham_R.F.C.
Mohammed_Ibrahim_(businessman),University_of_Birmingham
Moses_Ashikodi,Enfield_Town_F.C.
Winfield_Garnett,Jacksonville_Jaguars
Albert_Bregman,McGill_University
Nicholas_Turro,Columbia_University
Justice_Tilly,British_Army
Alexandra_Curtis,Syracuse_University
Aradhna_Krishna,New_York_University
Daniel_Åhsberg,Rögle_BK
Alexandre_Boikov,Metallurg_Magnitogorsk
LaMarr_Woodley,Oakland_Raiders
Szabolcs_Varga,Hungary_national_under-21_football_team
Bob_Uhl,Chicago_White_Sox
Rick_Tabaracci,Colorado_Avalanche
Matthieu_Lièvremont,US_Dax
Ben_Davidson,Washington_Redskins
Adil_Barbari,Vélo_Club_Sovac
Imre_Peterdi,Ferencvárosi_TC
Scott_Ankrom,Texas_Christian_University
Cevat_Güler,Orduspor
Casey_Wiegmann,Chicago_Bears
Travis_Kalanick,"University_of_California,_Los_Angeles"
Randy_Smith_(baseball),Detroit_Tigers
Ester_Samuel-Cahn,Columbia_University
Jeff_Williams_(ice_hockey),Wheeling_Nailers
Poe_brothers,Princeton_Tigers
Herman_van_Schalkwyk,University_of_Pretoria
Chris_Baker_(defensive_lineman),Miami_Dolphins
Ed_FitzGerald,Ohio_State_University
Thruston_Ballard_Morton,Yale_University
Jay_Bellamy,Seattle_Seahawks
Al_Miller_(soccer),United_States_men's_national_soccer_team
Björn_Barta,Augsburger_Panther
Dan_Turk,University_of_Wisconsin–Madison
Matt_Harpring,Orlando_Magic
Luigi_Radice,Torino_F.C.
Kevi_Luper,Oral_Roberts_University
Michal_Beran,HKm_Zvolen
Edwin_Alderman,University_of_North_Carolina_at_Chapel_Hill
Joe_Gardi,Philadelphia_Bell
Brendan_Smith_(ice_hockey),National_Hockey_League
David_M._Ebel,Northwestern_University
Rick_Jackson,LNB_Pro_B
Dariusz_Śledź,Stal_Rzeszów
Edson_Tavares,Chile_national_football_team
Jarl_Espen_Ygranes,Montreal_Canadiens
Gottfried_Haberler,Harvard_University
Miguel_Alfredo_González,Philadelphia_Phillies
Patricio_Sayegh,Maccabi_Ironi_Kiryat_Ata_F.C.
Matthew_Halischuk,Winnipeg_Jets
Cheng_Chih-lung_(basketball),Chinese_Basketball_Association
Keiichi_Ishizaka,Keio_University
Ericka_Walker,University_of_Wisconsin–Madison
Mariano_Barreto,C.S._Marítimo
Rafael_Martín_Vázquez,Spain_national_football_team
Nina_Rosenwald,New_York_University
Julian_Koch,Germany_national_under-21_football_team
János_Vas,Dragons_de_Rouen
Ryan_MacMurchy,Springfield_Falcons
Mohamed_Al-Sindi,Columbia_University
Dennis_Bonvie,Chicago_Blackhawks
Lawyer_Tillman,Carolina_Panthers
Waine_Bacon,Bishop_McNamara_High_School
Brian_K._Kennedy,Northwestern_University
Melanie_Leupolz,Germany_women's_national_football_team
Juan_Hohberg,Club_Universitario_de_Deportes
Linton_Johnson,Juvecaserta_Basket
Arthur_Bernardes_(football_manager),Goiás_Esporte_Clube
Frank_Minnifield,Henry_Clay_High_School
Leomont_Evans,Houston_Texans
Larry_Raines,Cleveland_Indians
Hsu_Shui-teh,National_Taiwan_Normal_University
Dennis_Kemp,Detroit_Wheels
Robert_MacEwen,Loughborough_University
"Mikko_Lehtonen_(ice_hockey,_born_1978)",National_Hockey_League
Buddy_Lively,Cincinnati_Reds
John_Prescott_Ellis,Harvard_University
Mario_Lamoureux,Bridgeport_Sound_Tigers
Jamal_Young,Toronto_Argonauts
Jerel_Worthy,Green_Bay_Packers
József_Zakariás,Guinea_national_football_team
Chris_Brooks_(ice_hockey),Springfield_Falcons
Chris_Breen_(ice_hockey),Calgary_Flames
Doris_Meissner,University_of_Wisconsin–Madison
Don_McKeta,Saskatchewan_Roughriders
Thomas_Platts-Mills,Johns_Hopkins_University
Donovan_Alexander,Seattle_Seahawks
Dwight_McDonald,San_Diego_Chargers
Jonathan_Compas,Oakland_Raiders
Janne_Niinimaa,Malmö_Redhawks
Michael_Lenox,University_of_Virginia
Robin_Sterner,BIK_Karlskoga
Matt_Marcorelle,Houston_Texans
Charles_Simonyi,"University_of_California,_Berkeley"
Srinivasan_Keshav,"University_of_California,_Berkeley"
Charles_Howard_McIlwain,Miami_University
Alfredo_Santaelena,Atlético_Madrid_C
Brian_Clark_(American_football),Tampa_Bay_Buccaneers
Al_Valdes,Calgary_Stampeders
Josh_Shaw_(defensive_tackle),San_Francisco_49ers
John_Franklyn_Mars,Yale_University
Peter_Forsberg,Colorado_Avalanche
Anthony_Eisley,University_of_Miami
Nikola_Mirotić,Houston_Rockets
Nataša_Popović,WBC_Spartak_Noginsk
Enrique_Orizaola,Levante_UD
Flávio_Araújo,Ceará_Sporting_Club
Ed_Scott_(baseball_player),Cincinnati_Reds
Kevin_Willhite,Green_Bay_Packers
Jesper_Grønkjær,Denmark_national_football_team
Brian_MacWhinney,"University_of_California,_Berkeley"
Andre_Coleman_(defensive_end),Edmonton_Eskimos
Oscar_Möller,Swedish_Hockey_League
Nellie_King,Pittsburgh_Pirates
Kosei_Ono,Suntory_Sungoliath
Gene_Moore_(outfielder),Cincinnati_Reds
Brian_DeMarco,Cincinnati_Bengals
Tyson_Marsh,St._John's_Maple_Leafs
Alexei_Belov,HC_Lada_Togliatti
Bill_Hewitt_(basketball),Mt._San_Antonio_College
Sean_Love,Dallas_Cowboys
Ron_Dermer,University_of_Pennsylvania
Chōgorō_Kaionji,Kokugakuin_University
Jim_Butler_(American_football),Pittsburgh_Steelers
John_Beasley_(American_football),Minnesota_Vikings
Akihito_Yamada,Keio_University
"Edmund_Waddill,_Jr.",University_of_Virginia
T._J._Cottrell,Buffalo_State_College
Jearld_Baylis,Baltimore_Stallions
T._J._Slaughter,Baltimore_Ravens
Masao_Doi,University_of_Tokyo
Richard_Brodeur,New_York_Islanders
Henry_T._Yang,West_Virginia_University
José_Luis_García_Traid,SD_Huesca
Toby_Williams,"Woodrow_Wilson_High_School_(Washington,_D.C.)"
Milton_Núñez,C.D._Jalapa
"John_Bingham,_7th_Earl_of_Lucan",Coldstream_Guards
Elmer_Zacher,St._Louis_Cardinals
Calum_MacRae,Venezia_Mestre_Rugby_FC
Randall_Schweller,Ohio_State_University
Dwayne_Leik,University_of_Michigan
Ollie_Welf,Cleveland_Indians
Andrew_Seliskar,California_Golden_Bears
Cameron_Bradfield,Dallas_Cowboys
Edgars_Siksna,Kontinental_Hockey_League
Mohammed_Jaham_Al_Kuwari,University_of_Portland
Ernie_Wasson,Humboldt_State_University
Lauren_Belfer,Columbia_University
Jiří_Fischer,Detroit_Red_Wings
Jack_Manley,San_Francisco_49ers
Joseph_S._Cabot,Harvard_University
James_A._Roberts,Bowdoin_College
Tyler_Bleyendaal,Munster_Rugby
William_F._Anderson_(bishop),Drew_University
Pauline_Park,University_of_Wisconsin–Madison
Chris_Dicomidis,Pontypridd_RFC
2010–11_Club_Universidad_Nacional_season,Puebla_F.C.
Brian_Butler,Wales_national_rugby_league_team
Dimitris_Kalaitzidis,Ethnikos_Asteras_F.C.
Daniel_Isăilă,FC_Astra_Giurgiu
Herb_Siegert,Illinois_Wesleyan_University
Bill_Collins_(ice_hockey),Washington_Capitals
Josh_Klein-Davies,Frome_Town_F.C.
Charlie_Toogood,History_of_the_St._Louis_Rams
Paul_Kinnaird,Clydebank_F.C.
Sanjay_Govil,Syracuse_University
Doug_Legursky,Pittsburgh_Steelers
Wilson_Whineray,Harvard_University
Mike_Bloski,Hershey_Bears
Raymond_Affleck,McGill_University
Alf_Lythgoe,Altrincham_F.C.
Nathan_Enderle,Jacksonville_Jaguars
Scott_Suggs,Washington_High_School_(Missouri)
Joe_Carey_(American_football),Green_Bay_Packers
Mattias_Carlsson,Linköpings_HC
J._B._Shugarts,Detroit_Lions
Dimitris_Kalaitzidis,Panthrakikos_F.C.
Phyllis_Zagano,St._John's_University_(New_York_City)
John_DeBerry,University_of_Memphis
William_S._Livingston,Yale_University
Carlisle_Adams,University_of_Ottawa
"Edward_J._Clancy,_Jr.",Providence_College
Bill_George_(linebacker),Wake_Forest_University
Victor_Leyva,Miami_Dolphins
Thomas_Rhodin,Genève-Servette_HC
Dane_Smith_(basketball),Kilgore_College
Quentin_Griffin,Denver_Broncos
Dean_Tolson,Seattle_SuperSonics
Stewart_McKinney_(politician),Yale_University
Rusty_Ryal,Arizona_Diamondbacks
Rhonda_Abrams,Harvard_University
Larry_Cameron,BC_Lions
Bernt_Andersson,Vasalunds_IF
Muriel_Bowser,American_University
Ray_Horton,Dallas_Cowboys
Nikola_Ilievski,FK_Ljuboten
Tomáš_Bokroš,Slovak_Extraliga
Michael_Peca,Toronto_Maple_Leafs
Robert_Digby-Jones,British_Army
Jose_Alves_Borges,Yadanarbon_F.C.
Mike_Muller,Springfield_Falcons
Mike_Pringle_(Canadian_football),Denver_Broncos
Irakli_Garibashvili,Tbilisi_State_University
Kendall_Langford,Indianapolis_Colts
Francis_Rooney,Georgetown_University
Peter_John_Douglas,Royal_Navy
Corbin_Bryant,Pittsburgh_Steelers
Bruce_Maher,New_York_Giants
Raheem_Mostert,Baltimore_Ravens
Mike_Piazza,Los_Angeles_Dodgers
Billy_Yates_(American_football),New_England_Patriots
Rylan_Galiardi,San_Antonio_Rampage
Alberto_Toril,CD_Quintanar_del_Rey
Brad_Lackey,Kawasaki_Heavy_Industries
Alexander_Titov_(ice_hockey),Barys_Astana
Orison_S._Marden_(lawyer),New_York_University
Jacky_Novi,Olympique_Alès
Robert_Nouzaret,Toulouse_FC
Felice_Vecchione,VfB_Stuttgart
David_Toshio_Tsumura,University_of_Tsukuba
Diamond_Ferri,New_York_Giants
Marshall_McDonald,University_of_Virginia
Footer_Johnson,Chicago_Cubs
István_Urbányi,BKV_Előre_SC
DeAngelo_Williams,Carolina_Panthers
Cal_Dooley,"University_of_California,_Davis"
Tim_Hightower,"Episcopal_High_School_(Alexandria,_Virginia)"
Mario_Pugliese,Italy_national_under-19_football_team
John_G._W._Husted_Jr.,Yale_University
Mauro_Fernandes,Brasiliense_Futebol_Clube
Danny_Frisella,New_York_Mets
Chad_Johnson_(ice_hockey),Pittsburgh_Penguins
Kevin_Loughery,Atlanta_Hawks
JuJu_Chan,University_of_San_Francisco
Vieirinha,Portugal_national_under-20_football_team
"Graham_Smith_(footballer,_born_1947)",Nuneaton_Town_F.C.
Franco_Forini,Osella
Raphel_Cherry,Washington_Redskins
Marco_Barbini,Petrarca_Rugby
Sam_Paulescu,Winnipeg_Blue_Bombers
Terry_Holland,East_Carolina_Pirates
"Palhinha_(footballer,_born_1967)",Grêmio_Atlético_Farroupilha
Eddie_Fuller_(American_football),Buffalo_Bills
Jophery_Brown,Chicago_Cubs
Younes_Idrissi,Iona_College_(New_York)
Sandis_Buškevics,BC_Lietuvos_rytas
Reed_Johnson,Toronto_Blue_Jays
Jamie_Langenbrunner,St._Louis_Blues
Devin_Harris,Washington_Wizards
Bubba_Paris,University_of_Michigan
Kjell_Tennfjord,Fyllingen_Fotball
Jason_Moss_(writer),"University_of_Nevada,_Las_Vegas"
Anton_Slepyshev,National_Hockey_League
Dmitry_Orlov_(ice_hockey),National_Hockey_League
Rod_Rust,New_England_Patriots
2013–14_Viborg_FF_season,Randers_FC
John_Mitchell_(American_football_coach),Cleveland_Browns
Denzel_Rice,Carver_High_School_(North_Carolina)
Zu'bi_M.F._Al-Zu'bi,University_of_Jordan
Herb_Paterra,Tampa_Bay_Buccaneers
Daniel_Mogoșanu,FC_Caracal_(2004)
Galina_Skiba,Russian_Women's_Hockey_League
David_Humm,Buffalo_Bills
Dario_Gradi,Wimbledon_F.C.
Van_Waiters,Indiana_University
Dimitrios_Priftis,Basketball_Champions_League
Kory_Sperry,Miami_Dolphins
Arthur_Caplan,Columbia_University
Cole_Jarrett,Eisbären_Berlin
André_Petersson,Ottawa_Senators
John_Hennessy_(American_football),New_York_Jets
S._J._Green,New_York_Jets
Sam_LoPresti,Chicago_Blackhawks
Arland_Bruce_III,Montreal_Alouettes
Benito_Masilevu,CA_Brive
Breno_Giacomini,Seattle_Seahawks
Mickey_Rocco,Cleveland_Indians
Robert_Weygand,University_of_Rhode_Island
António_Caldas,S.H._Benfica_(Huambo)
Paul_Ward_(footballer),Harrogate_Town_F.C.
Marcus_Paulsson,HC_Davos
Joe_McGinniss_Jr.,American_University
Darren_Walker,University_of_Texas_at_Austin
Elisabeth_Camp,University_of_Pennsylvania
David_Aebischer,HC_Thurgau
Jennifer_Harß,German_women's_ice_hockey_Bundesliga
Dave_Pinto,University_of_Virginia
Tristan_Crawford,Australian_Baseball_League
Tibor_Kemény,Zagłębie_Sosnowiec
Joe_Palatsides,Melbourne_City_FC
Joseph_Tydings,"University_of_Maryland,_College_Park"
Febian_Brandy,England_national_under-19_football_team
Michael_Replogle,University_of_Pennsylvania
George_McCullough,San_Francisco_49ers
Augusta_Clark,Temple_University
Gordana_Bogojević,ŽKK_Crvena_zvezda
Dale_Kildee,University_of_Michigan
Giovanni_Solinas,ES_Sétif
Bill_Irwin_(footballer),United_States_women's_national_under-23_soccer_team
Jake_Heaps,Brooklyn_Bolts
Ignazio_Abate,Italy_national_football_team
"Charles_Harington_(British_Army_officer,_born_1910)",British_Army
René_Simões,Esporte_Clube_Bahia
John_Hillcoat_(footballer),East_Stirlingshire_F.C.
Gary_Brown_(baseball),San_Francisco_Giants
Walt_Horan,Washington_State_University
Howard_Hiatt,Harvard_College
David_Spiegelhalter,"University_of_California,_Berkeley"
David_Petrasek,Malmö_Redhawks
Phillip_Adams_(American_football),New_England_Patriots
John_Castino,Minnesota_Twins
Pat_Tabler,Chicago_Cubs
Károly_Csapkay,S.S.C._Napoli
LeRoy_Vann,Columbus_Lions
Gianluca_Zanetti,A.C._Rimini_1912
Max_Macon,St._Louis_Cardinals
Magnus_Bogren,Rögle_BK
Duke_Welker,Pittsburgh_Pirates
Najib_Razak,University_of_Nottingham
William_J._Mitsch,Illinois_Institute_of_Technology
Edward_W._Hooper,Harvard_College
Scott_Horvath,Colorado_Avalanche
Chris_Duffy_(baseball),Pittsburgh_Pirates
Kao_Kalia_Yang,Columbia_University
Alexander_Dotzler,Straubing_Tigers
Jeremy_Butler,Baltimore_Ravens
Trevor_Koenig,Dragons_de_Rouen
Gavin_Cattle,Rotherham_R.U.F.C.
Calvin_Pryor,Port_St._Joe_High_School
Bob_Grant_(American_football),Wake_Forest_University
Patrick_Scott_(artist),University_College_Dublin
Matt_Symons,London_Irish
Bobby_Shaw,"University_of_California,_Berkeley"
Joe_Klugmann,Chicago_Cubs
Jarred_Gillett,A-League
Ed_Tarpley,Louisiana_State_University
Paul_Cheng,University_of_Pennsylvania
Lou_Brock,Chicago_Cubs
Scott_Metcalfe,Rochester_Americans
Eloy_Olaya,Spain_national_football_team
Moses_Denson,Washington_Redskins
Neil_de_Kock,Stormers
Garrison_Smith,Miami_Dolphins
Samu_Nieminen,Finland_national_under-19_football_team
Marek_Posmyk,Toronto_Maple_Leafs
Andrew_Overtoom,Fordham_University
2013–14_C.F._União_season,Sport_Benfica_e_Castelo_Branco
Lucas_Wallmark,Charlotte_Checkers
John_Eubanks,Saskatchewan_Roughriders
John_Huarte,Philadelphia_Eagles
Alejandro_Gaviria_Uribe,"University_of_California,_San_Diego"
A._S._Valentine,University_of_Pennsylvania
Peter_Chandler_(soccer),Peak_to_Peak_Charter_School
George_V._N._Lothrop,Brown_University
Nathan_White_(rugby_union),Connacht_Rugby
Hal_Stringert,Willamette_Bearcats
2000–01_Fulham_F.C._season,Fulham_F.C.
Samuel_Linley,Royal_Navy
Valentin_Ursache,CSA_Steaua_București_(rugby)
Bruce_Graham_(ice_hockey),Nottingham_Panthers
Miloš_Pavlović_(footballer),FC_Vaslui
Christian_Ziege,SpVgg_Unterhaching
Ismail_H'Maidat,Crystal_Palace_F.C.
Allen_Greene,Buffalo_Bulls
James_Ockendon,British_Army
Derek_Wallace,New_York_Mets
Yuri_Bykov,FC_Uralan_Plus_Moscow
Romain_Millo-Chluski,Stade_Toulousain
Luke_Patterson,Kansas_City_Chiefs
"Percy_L._Greaves,_Jr.",Syracuse_University
Sergei_Gusev,Avtomobilist_Yekaterinburg
Avdo_Kalajdžić,Bosnia_and_Herzegovina_national_football_team
Tam_O'Shaughnessy,Georgia_State_University
Jon_Landon,Montreal_Alouettes
Paul_Wiggins,Pittsburgh_Steelers
"Pepe_(footballer,_born_1935)",Clube_Atlético_Paranaense
Sam_DeLuca,University_of_South_Carolina
Andrew_Strominger,"University_of_California,_Berkeley"
László_Répási,Halásztelek_FC
David_L._Richards,The_College_of_New_Jersey
Libor_Procházka,HC_Berounští_Medvědi
Rob_Lanier,St._Bonaventure_University
Ernie_Pitts,University_of_Denver
Andrew_Williams_(American_football),Tampa_Bay_Buccaneers
Richard_McKelvey,Washington_University_in_St._Louis
William_McKinley,Allegheny_College
Pizzi_(Portuguese_footballer),Portugal_national_football_team
Brent_Bilodeau,Montreal_Canadiens
Shawn_Hare,Texas_Rangers_(baseball)
Jerry_Mackey,Syracuse_Orange
K._J._McDaniels,National_Basketball_Association
David_Menzies,Hull_City_A.F.C.
Felipe_Miñambres,Alicante_CF
Ellis_Remy,Eastbourne_Borough_F.C.
Nick_Vitucci,Hershey_Bears
Steve_Bennett_(referee),Isthmian_League
Theodor_Reimann,FC_Lokomotíva_Košice
Duncan_Sandys,Eton_College
Christer_Mattiasson,Vallentuna_BK
Suyoi_Osman,Johns_Hopkins_University
Billy_Twelvetrees,Gloucester_Rugby
Josef_Müller_(footballer),Stuttgarter_Kickers
Miriam_Meyerhoff,Cornell_University
Mike_Weddington,Green_Bay_Packers
Andrei_Trefilov,Rochester_Americans
Ryan_Hughes_(ice_hockey),Chicago_Wolves
Matthew_Grow,University_of_Notre_Dame
Donald_Andrews,"University_of_California,_Berkeley"
Wang_Baoshan,China_national_under-20_football_team
Jonathan_Palmer,Tyrrell_Racing
Kelly_Talavou,Atlanta_Falcons
Paul_Hodgson,Bristol_Rugby
Jeremy_Fikac,San_Diego_Padres
Warley_Silva_dos_Santos,Ríver_Atlético_Clube
Moacir_Júnior,Clube_Náutico_Capibaribe
Aaron_Graham,Oakland_Raiders
Sérgio_Oliveira,Portugal_national_under-20_football_team
Kerry_Joseph,Edmonton_Eskimos
James_Hundon,Toronto_Argonauts
Randy_Krummenacher,Kawasaki_Heavy_Industries
Jack_Heslop-Harrison,University_of_Wisconsin–Madison
Thom_Goolsby,University_of_North_Carolina_at_Chapel_Hill
Antti_Pihlström,SaiPa
Collin_Ashton,San_Diego_Chargers
Joe_Burton,Oklahoma_City_Blazers_(1992–2009)
Andrei_Spiridonov,Barys_Astana
Walter_M._Lowrey,Louisiana_State_University
Willibald_Hahn,ESV_Ingolstadt
Matt_Beech,Philadelphia_Phillies
Timo_Meier,American_Hockey_League
Necati_Ateş,Turkey_national_under-21_football_team
Pat_Fleming_(Canadian_football),Hamilton_Tiger-Cats
Uli_Maslo,Qatar_SC
Sergi_Barjuán,Recreativo_de_Huelva
José_Neto_(basketball),Club_Athletico_Paulistano_(basketball)
Zdeněk_Šmíd,Luleå_HF
Charlotte_Elliott_(botanist),Stanford_University
Dave_Grayson,Dallas_Cowboys
Joique_Bell,Buffalo_Bills
Larry_Foss,Pittsburgh_Pirates
Paul_Eston_Lacy,Ohio_State_University
Lousaka_Polite,New_England_Patriots
Jens_Jakob_Thomasen,Denmark_national_under-19_football_team
Jorge_Campillo,Seattle_Mariners
Devin_Smith_(basketball),Coffeyville_Community_College
"Rich_Wilkerson,_Jr.",Lee_University
Aaron_Dobson,New_England_Patriots
Stanislav_Levý,FC_Viktoria_Plzeň
Walter_Arnold_Baker,Harvard_College
Riley_Holzapfel,St._John's_IceCaps
Ken_Lolla,Belmont_Abbey_College
Dustin_Osborn,New_York_Jets
Patricia_E._Campbell-Smith,Duke_University
Guus_Hiddink,Fenerbahçe_S.K.
Todd_Yoder,Jacksonville_Jaguars
Ken_McKim,Saskatchewan_Roughriders
Ted_Collins_(Canadian_football),Ottawa_Rough_Riders
Jens_Öhling,Boston_Bruins
Dick_Van_Raaphorst,Cleveland_Browns
Bart_Bok,Harvard_University
Alec_Kirschner,Wheeling_Nailers
João_Carlos,Clube_Atlético_Paranaense
William_Renderos_Iraheta,Santa_Tecla_F.C.
Bruno_Mazzia,Calcio_Padova
Marc_Wilson_(Irish_footballer),Republic_of_Ireland_national_under-21_football_team
Merlin_Bartz,Luther_College_(Iowa)
Rick_Ownbey,New_York_Mets
Mike_Holmes_(cornerback),Indianapolis_Colts
Del_Mason,Cincinnati_Reds
Otto_Rehhagel,Fortuna_Düsseldorf
Harvey_Haddix,New_York_Mets
John_Green_(defensive_end),University_of_Tulsa
Pradyum_Reddy,Shillong_Lajong_F.C.
Harold_Rhode,Columbia_University
Betty_Montgomery,Bowling_Green_State_University
Johnny_Burnett_(baseball),Cleveland_Indians
David_Macklin,Arizona_Cardinals
Charles_Rees_(rugby_league),Wales_national_rugby_league_team
Petri_Kokko_(ice_hockey),Ilves
Bob_Royer,Providence_Steamrollers
Ryan_Miller,St._Louis_Blues
Ronald_Koeman,AZ_Alkmaar
Alwin_Komolong,Papua_New_Guinea_national_football_team
Milton_Mack,New_Orleans_Saints
Alvoid_Mays,Washington_Redskins
Stanislav_Jasečko,Serie_A_(ice_hockey)
Aurél_Csertői,Kecskeméti_TE
Shawn_Thornton,Boston_Bruins
Randy_Boone,North_Carolina_State_University
Georgios_Paraschos,Anagennisi_Karditsa_F.C.
Harold_Urey,Johns_Hopkins_University
Neil_Cohn,"University_of_California,_Berkeley"
Alan_Gillett_(football),Solomon_Islands_national_football_team
Michael_Hemmingsen,Randers_FC
Ignacio_Eizaguirre,Hércules_CF
Bob_Swift_(Canadian_football),Toronto_Argonauts
Jan_Gan_Boyd,"University_of_California,_Davis"
Gjoko_Hadžievski,Macedonia_national_football_team
Dudley_Fishburn,Harvard_College
Andong_Song,New_York_Islanders
Jeffrey_W._Ubben,Duke_University
Duke_Ihenacho,"Junípero_Serra_High_School_(Gardena,_California)"
Juuse_Saros,American_Hockey_League
Sami_Lepistö,Washington_Capitals
Ralph_R._Caputo,Bloomfield_College
Larry_Fonacier,Philippine_Basketball_Association
Matt_Carson_(baseball),Oakland_Athletics
Madeleine_Garrick,Women's_National_Basketball_League
Jimmy_Harte,University_College_Dublin
Evgeny_Ivannikov,Admiral_Vladivostok
Neil_Combee,Florida_State_University
Mike_Dunn_(baseball),New_York_Yankees
Dave_Gagner,Vancouver_Canucks
Boris_Kolokolov,FC_Amur_Blagoveshchensk
George_Giffard,British_Army
William_J._Hughes,Rutgers_University
Ukichiro_Nakaya,University_of_Tokyo
Clarence_Berger,Pittsburgh_Pirates
Anders_Randrup,Denmark_national_under-21_football_team
Dean_Acheson,Yale_University
Vincent_Mendy_(basketball),Stade_Clermontois_BA
Oliver_Brooks,Coldstream_Guards
Henry_Murray,Harvard_University
Quinito,FC_Porto
Daric_Barton,Oakland_Athletics
Ryan_Haggerty,Rockford_IceHogs
David_Hewson_(Canadian_football),Toronto_Argonauts
Gilbert_Stengle,University_of_Wisconsin–Madison
Scott_Barney,Liiga
Artur_Neto,Esporte_Clube_Juventude
C._V._Vishveshwara,"University_of_Maryland,_College_Park"
Cullen_B._Gosnell,Emory_University
Chad_Kackert,New_Hampshire_Wildcats
Christian_Preußer,FC_Rot-Weiß_Erfurt
Mike_Danton,STS_Sanok
Tyler_Wotherspoon,Stockton_Heat
1976–77_Cardiff_City_F.C._season,Charlton_Athletic_F.C.
Bob_Landsee,Philadelphia_Eagles
Greg_Ryan,Colorado_College
Arno_J._Mayer,Wesleyan_University
Grant_Stevenson,San_Jose_Sharks
Renato_Buso,A.S.D._Sarzanese_Calcio_1906
Georgios_Paraschos,Panionios_G.S.S.
Oscar_Ahlström,GET-ligaen
Graziano_Pellè,Italy_national_football_team
Martin_Gerber,Atlant_Moscow_Oblast
Butch_Pressley,Winnipeg_Blue_Bombers
Josh_Gordy,New_York_Giants
Stephen_T._Moskey,Georgetown_University
Francisco_Gento,Granada_CF
Dave_Clarke_(Canadian_football),Hamilton_Tiger-Cats
Gio_Benitez,Florida_International_University
Ed_Kalman,Yorkshire_Carnegie
D'Arcy_Rae,Benetton_Rugby_Treviso
Pierre-Luc_Faubert,Belfast_Giants
J._B._Bickerstaff,Houston_Rockets
Rikki_Klieman,Northwestern_University
Joselo_Díaz,Kansas_City_Royals
Wilber_Marshall,Washington_Redskins
Hank_Edwards,Cleveland_Indians
Jean-Philippe_Lamoureux,HDD_Olimpija_Ljubljana
James_Marshall_Sprouse,St._Bonaventure_University
Rodney_Santos,NCAA_Basketball_Championship_(Philippines)
Amy_Zegart,Stanford_University
John_Beck_(footballer),Histon_F.C.
Godfrey_Ingram,Peterborough_United_F.C.
Aaron_Craver,San_Diego_Chargers
Ron_Murphy_(Canadian_football),Montreal_Alouettes
Antoine_Everett,Pittsburgh_Steelers
Howard_Freigau,St._Louis_Cardinals
John_Wetteland,Washington_Nationals
Grigor_Hovhannissian,Tufts_University
Gus_Douglass,West_Virginia_University
John_Willinsky,University_of_British_Columbia
Brad_Mills_(pitcher),Toronto_Blue_Jays
George_Cranfield_Berkeley,Royal_Navy
Jelena_Špirić,Beşiktaş_JK_(women's_basketball)
Frank_J._Sprague,United_States_Naval_Academy
Izzy_Alcántara,Boston_Red_Sox
Roger_B._Chaffee,Illinois_Institute_of_Technology
Kevin_Jones_(American_football),Chicago_Bears
Ran_Ben_Shimon,Hapoel_Ironi_Kiryat_Shmona_F.C.
Dick_Evey,University_of_Tennessee
Michael_Williams_(defensive_back),San_Francisco_49ers
Cori_Close,UCLA_Bruins
Shinri_Shioura,Chuo_University
Howard_Waugh,University_of_Tulsa
Gene_Corrigan,Notre_Dame_Fighting_Irish
Sharon_Olds,Stanford_University
Sean_Morey_(American_football),Pittsburgh_Steelers
Andrew_Ebbett,Anaheim_Ducks
Tomáš_Mojžíš,Vancouver_Canucks
Greasy_Neale,West_Virginia_Wesleyan_College
Gerd_Bohnsack,VfB_Oldenburg
George_N._Parks,University_of_Delaware
Fredrik_Modin,Brynäs_IF
Steve_Odom,New_York_Giants
Antonio_Calderón,SD_Huesca
Martim_Francisco,Esporte_Clube_Siderúrgica
Billy_Whitehurst,Mossley_A.F.C.
Steven_Davis,Northern_Ireland_national_football_team
Charles_Berstad,Sprint
2011–12_Grimsby_Town_F.C._season,Brigg_Town_F.C.
Jason_Simontacchi,St._Louis_Cardinals
Scott_Bedke,Brigham_Young_University
Chico_Resch,Philadelphia_Flyers
Marquies_Gunn,Alabama_Hammers
Alex_Tuch,National_Hockey_League
Alan_Ball_(American_football),Dallas_Cowboys
Eric_Powell_(American_football),Houston_Texans
Paul_Aizley,Harvard_University
Henry_George_Norris,Fulham_F.C.
Gerald_Brown_(basketball),PBG_Basket_Poznań
Barry_Evans_(baseball),San_Diego_Padres
Josef_Kuchynka,FC_Baník_Ostrava
Antonio_Narcisse,Jacksonville_Sharks
Dante_Santoni,Villanova_University
Justin_Maxwell,Washington_Nationals
Jarret_Stoll,New_York_Rangers
Frank_Dobson_(American_football),South_Carolina_Gamecocks
Heinz_Lucas,Hannover_96
Peter_Podhradský,HC_Dinamo_Minsk
Anthony_Prior,BC_Lions
Stansfield_Turner,Amherst_College
Jakub_Nakládal,Calgary_Flames
Robin_Robinson,San_Diego_State_University
Reginald_Bacon,Royal_Navy
Steve_Coates,Detroit_Red_Wings
Mark_L._Smith_(physician),Cornell_University
Adrian_Mayes,Louisiana_State_University
"George_Farmer_(wide_receiver,_born_1958)",Southern_University
Katie_Rowley_Jones,University_of_Nottingham
Filip_Filipović_(American_football),San_Francisco_49ers
Willie_Pless,BC_Lions
José_Planas_Artés,Arenas_Club_de_Getxo
Frederick_Chapman_(British_Army_officer),British_Army
Doug_Widell,Boston_College
Blake_Coleman,Albany_Devils
Alfredo_Piedra_Mora,Deportivo_Saprissa
Kimmo_Kapanen,Espoo_Blues
Dmitri_Suur,Detroit_Vipers
Swede_Johnston,Green_Bay_Packers
Ernie_Banks,Chicago_Cubs
Brian_Slocum,Cleveland_Indians
Slobodan_Santrač,Qingdao_Jonoon_F.C.
Nic_Wise,Kingwood_High_School
Nico_Ratti,CD_Numancia
Mary_Frances_Berry,Howard_University
Lela_Alston,Phoenix_College
Frank_Edward_Stubbs,Lancashire_Fusiliers
Reijo_Ruotsalainen,KalPa
George_Flint_(American_football),Buffalo_Bills
Sebastián_Abreu,Club_Atlético_River_Plate
Reginald_Thynne,British_Army
Willie_Waddell,Kilmarnock_F.C.
Darrion_Weems,New_England_Patriots
"James_Craig_(rugby_union,_born_1977)",Glasgow_Warriors
Garrett_Celek,San_Francisco_49ers
Nealon_Greene,Toronto_Argonauts
Bill_Fitch,Los_Angeles_Clippers
Dieter_Renner,SV_Darmstadt_98
Lasha_Zhvania,Tbilisi_State_University
Jennifer_Ouellette,Seattle_Pacific_University
Jason_Phillips_(pitcher),Pittsburgh_Pirates
Marty_Gateman,New_York_Rangers
Chris_Leck,Edinburgh_Rugby
Salvador_Capitano,Chiapas_F.C.
John_Gregory_Crace,Royal_Navy
Casper_Ware,National_Basketball_Association
Paulo_Porto_(football_manager),Sociedade_Esportiva_e_Recreativa_Caxias_do_Sul
Weldon_B._Gibson,Washington_State_University
Manuel_García_Calderón,CD_Toledo
Donald_E._Williams_Jr.,Syracuse_University
1978–79_Cardiff_City_F.C._season,Millwall_F.C.
Mikael_Renberg,Luleå_HF
Aaron_McGhee,Maratonistas_de_Coamo
Sergei_Nemchinov,Lokomotiv_Yaroslavl
Vinston_Painter,Miami_Dolphins
Muhammet_Demir,Turkey_national_under-21_football_team
Ángel_Cappa,Racing_Club_de_Avellaneda
Kasper_Larsen,Denmark_national_under-21_football_team
Florian_Neuhold,Austria_national_under-21_football_team
George_Cortez,Calgary_Stampeders
Jaroslav_Janus,American_Hockey_League
Craig_Kobel,Philadelphia_Eagles
Joakim_Lindström,St._Louis_Blues
Stefano_Pioli,Modena_F.C.
Mustafa_Emirbayer,"University_of_California,_Davis"
Joey_Tenute,Frankfurt_Lions
Thomas_Young_(rugby_player),Cardiff_RFC
Mark_Birley,Eton_College
Peter_Jaks,HC_Lugano
Anthony_Morales,Carolina_Panthers
Cory_Conacher,Ottawa_Senators
James_Danko,John_Carroll_University
Adam_Christing,Biola_University
Marquise_Walker,Tampa_Bay_Buccaneers
Irving_Widmer_Bailey,Harvard_College
Karen_Barad,Stony_Brook_University
Mack_Rhoades,University_of_Arizona
Stephen_H._Glickman,Yale_University
Julie_Goodnight,"California_State_University,_Northridge"
Anatoliy_Byshovets,FC_Dynamo_Moscow
Jack_Nelson_(swimmer),Miami_Hurricanes
Kraig_Urbik,Buffalo_Bills
Pol_Chomchuen,Muangthong_United_F.C.
Vyacheslav_Buravchikov,Kontinental_Hockey_League
Alexander_Streltsov,Kontinental_Hockey_League
Flávio_Murtosa,Chelsea_F.C.
Richard_Wadge,Burnley_F.C.
Manuel_Retamero_Fraile,CD_Íscar
"Bill_Jones_(basketball,_born_1966)",Detroit_Panthers_(PBL)
Anders_Kallur,Djurgårdens_IF_Hockey
Walter_Murch,Johns_Hopkins_University
Edward_Gibson,University_of_Rochester
"Steve_Smith_(ice_hockey,_born_in_Scotland)",Calgary_Flames
Edmund_C._Lynch,Johns_Hopkins_University
Ian_Walker_(footballer),Bishop's_Stortford_F.C.
Chris_Malone,Manly_RUFC
Marco_Morales_(American_football),Dallas_Texans_(Arena)
Ricky_Nebbett,Leicester_Tigers
J'Covan_Brown,Turkish_Basketball_Super_League
Barry_Melrose,Detroit_Red_Wings
Fred_Lasher,Minnesota_Twins
Dwight_Freeney,Bloomfield_High_School_(Connecticut)
Dick_Modzelewski,"University_of_Maryland,_College_Park"
Ryan_Munce,Syracuse_Crunch
Michael_Santos_(footballer),Montevideo_Wanderers_F.C.
Bernard_Simondi,ES_Sétif
Charles_Mercer_Snelling,University_of_Georgia
Ann_Hopkins,Indiana_University
Ed_Smith_(tight_end),Washington_Redskins
Alan_Peter_Cayetano,University_of_the_Philippines
Billy_Tibbetts,HIFK_(ice_hockey)
Milton_Collins,Saskatchewan_Roughriders
"Eddie_Gray_(footballer,_born_1948)",Rochdale_A.F.C.
Devean_George,Augsburg_College
Peter_Klepáč,Slovak_Extraliga
Charles_Odamtten_Easmon,Achimota_School
Tim_Washington,Kansas_City_Chiefs
Ihor_Korotetskyi,Ukraine_national_under-19_football_team
Garry_Hancock,Boston_Red_Sox
Terrence_Melton,New_Orleans_Saints
Paul_Esdale,Colorado_Eagles
Bill_Etter,University_of_Notre_Dame
Oleh_Protasov,FC_Astra_Giurgiu
Steve_Hallam,McLaren
Yevgeny_Perevertaylo,FC_Sibir_Novosibirsk
Cliff_Louis,Edmonton_Eskimos
John_D._Trasviña,Harvard_University
Lois_Galgay_Reckitt,Boston_University
Edward_Charles_Close,British_Army
Cody_Parkey,Jupiter_Community_High_School
Indur_M._Goklany,Michigan_State_University
George_Thorne_(footballer),England_national_under-19_football_team
John_Bargh,New_York_University
Pekka_Virta,Ässät
Matt_Tegenkamp,Wisconsin_Badgers
Marc_Roberts_(politician),Brigham_Young_University
Francisco_Martínez_Bonachera,Girona_FC
Kurt_Petersen,Lutheran_High_School_North_(Missouri)
Bernard_James,Cleveland_Cavaliers
Willie_Thrower,Chicago_Bears
Nelsinho_Baptista,Grêmio_Esportivo_Novorizontino
Michael_H._Riordan,"University_of_California,_Berkeley"
Reggie_Corner,Jacksonville_Jaguars
Jesse_Dudas,Prince_George_Cougars
Vladimir_Alekseyevich_Mikhaylov,FC_Kuban_Krasnodar
James_Logan_(American_football),Cincinnati_Bengals
Shahn_Majid,Harvard_University
Rosie_Manning,Atlanta_Falcons
Pete_Mangurian,New_England_Patriots
"Herbert_Plumer,_1st_Viscount_Plumer",British_Army
Apiwan_Wiriyachai,Illinois_Institute_of_Technology
Jim_Hughson,Toronto_Blue_Jays
Sally_Mason,University_of_Arizona
Carlos_Bianchi,OGC_Nice
Gary_Doak,Detroit_Red_Wings
Tyrone_Thompson_(politician),Northern_Arizona_University
Cameron_Blades,Glasgow_Warriors
John_Christopher_Guise,British_Army
Mark_D._Fabiani,University_of_Redlands
Divya_Narendra,Harvard_University
John_Bentley_(football_manager),Bolton_Wanderers_F.C.
Otto_Bumbel,RCD_Mallorca
Josh_Sharpless,Pittsburgh_Pirates
Jim_Baumer,Chicago_White_Sox
Ralph_de_la_Vega,University_of_Virginia
Prodromos_Nikolaidis,Egaleo_B.C.
Calvin_Collins,Houston_Texans
Sara_Feigenholtz,University_of_Illinois_at_Chicago
Poul_Popiel,Hershey_Bears
Dick_Pole,Boston_Red_Sox
Beau_Archibald,Florida_Atlantic_University
Mike_Humpal,Pittsburgh_Steelers
Henry_Louis_Gates_Jr.,Yale_University
Julius_Adler_(biochemist),Harvard_University
Todor_Yanchev,FC_Sofia_2010
Heinz_Fuchsbichler,Liechtenstein_national_under-21_football_team
Ramon_Sessions,Myrtle_Beach_High_School
John_Waters,New_York_University
Stevie_Lyle,Sheffield_Steelers
John_Wilcox_(American_football),Philadelphia_Eagles
Said_Brahimi,JSM_Skikda
John_Gaub,Chicago_Cubs
Nathan_Mannakee,Swarthmore_College
Dalcio_Giovagnoli,Tiro_Federal
Roberto_Casone,A.S.D._Arenzano_F.C.
Nino_Niederreiter,American_Hockey_League
Gary_Botting,University_of_British_Columbia
Doug_Scovil,Chicago_Bears
Cynthia_Cidre,University_of_Miami
Sammy_Morris,Miami_Dolphins
Nurullah_Sağlam,Konyaspor
Cam_Johnson,Indianapolis_Colts
Bill_Paxon,Canisius_College
Maxim_Mikhailovsky,Severstal_Cherepovets
Velibor_Vasović,Angers_SCO
Frederik_Beaubien,Western_Professional_Hockey_League
Allan_Stewart_(ice_hockey),New_Jersey_Devils
Samuel_Gutekunst,Jacksonville_Jaguars
Ian_Wild,Pittsburgh_Steelers
Matt_Francis,ECHL
Manuel_Jiménez_González,UE_Figueres
Darrion_Scott,Minnesota_Vikings
Benjamin_Bolger,University_of_Michigan
Dick_Hightower,Southern_Methodist_University
José_Ramón_Sandoval,Rayo_Vallecano_B
Sandra_Smith_(reporter),Louisiana_State_University
Louise_Richardson,Harvard_University
Julen_Guerrero,Spain_national_football_team
Kris_Fredheim,Minnesota_Wild
Yoshikazu_Nagai,Albirex_Niigata
Ellis_Hobbs,Philadelphia_Eagles
Red_Dooin,Philadelphia_Phillies
Luca_Zuffi,Switzerland_national_under-19_football_team
Warren_J._Winstead,University_of_Richmond
Ray_Whitney_(ice_hockey),Columbus_Blue_Jackets
Peter_Short_(rugby_union),Adams'_Grammar_School
Chris_Palmer_(American_football),New_York_Giants
Valentine_Davies,University_of_Michigan
Rolland_Lawrence,Atlanta_Falcons
Joseph_Maroon,Indiana_University
Thomas_Robinson_(basketball),National_Basketball_Association
Yoon_Sung-hyo,Soongsil_University
Andy_Roddie,Inverurie_Loco_Works_F.C.
Jérôme_Gallion,RC_Toulonnais
Nurettin_Kayaoğlu,Turkey_national_under-19_football_team
Adam_Bogdanove,Cornell_University
Atvars_Tribuncovs,Juniors_Riga
Jūrō_Kara,Meiji_University
William_Garwood,Drury_University
Ryan_Donnelly_(Canadian_football),McMaster_University
Bryant_Young,San_Francisco_49ers
Lennox_Gordon,Buffalo_Bills
Sylvia_Fowles,Gulliver_Schools
Kam_Chancellor,Seattle_Seahawks
Alan_Casavant,University_of_Maine
Josh_McCown,Detroit_Lions
Atte_Engren,HC_Lev_Praha
Marcus_Simon,New_York_University
Glyn_Milburn,Stanford_University
Stuart_Cash,Margate_F.C.
Tracy_Wilson_(American_football),Columbus_Lions
Benjamin_(Benji)_Ungar,Harvard_Crimson
John_Hewson,Johns_Hopkins_University
Steve_Donahue,Monsignor_Bonner_High_School
Lela_Alston,University_of_Arizona
George_I._Fujimoto,Harvard_University
Chinedum_Ndukwe,Cincinnati_Bengals
Karl_Stürmer,U.S._Alessandria_Calcio_1912
Luke_Torian,Howard_University
Alessio_Bertaggia,National_League_A
Johnny_Bailey,Los_Angeles_Rams
Simon_Sunatori,McMaster_University
Emory_Sparrow,Boston_Bruins
John_Bitove,Toronto_Raptors
Hayk_Gyokchyan,Lebanese_Basketball_League
Memi_Bečirovič,Mahram_Tehran_BC
John_Anthony_Swire,Eton_College
Eric_Moss,Minnesota_Vikings
Mikio_Sato,Kyoto_University
Mark_Alt,American_Hockey_League
Czesław_Michniewicz,Jagiellonia_Białystok
David_Molk,San_Diego_Chargers
Martin_Yan,"University_of_California,_Davis"
Drew_Olson,San_Francisco_49ers
Bryant_McKinnie,Baltimore_Ravens
Yasutomo_Kubo,Nippon_Professional_Baseball
Peter_Ratchuk,Adler_Mannheim
Igor_Brikun,Belarusian_Extraleague
Paul_Warhurst,Northwich_Victoria_F.C.
Elsa_Murano,Florida_International_University
Kelvin_Chapman,New_York_Mets
Rachid_Belhout,CS_Constantine
Henry_Dickerson,University_of_Charleston