Lawrence_Saint,Rachel_Saint
Fernando_Ocampo,Ed_Ocampo
"William_Cavendish,_5th_Duke_of_Devonshire","Harriet_Leveson-Gower,_Countess_Granville"
Jonathan_Trumbull,John_Trumbull
Samuel_S._Phelps,Edward_John_Phelps
Gillean_of_the_Battle_Axe,Malise_mac_Gilleain
Ladislav_Pejačević,Teodor_Pejačević
George_Dunton_Widener,Harry_Elkins_Widener
Solange_Gemayel,Nadim_Gemayel
Bill_Landeryou,Andrew_Landeryou
John_Wayles,Sally_Hemings
Odette_de_Champdivers,"Marguerite,_bâtarde_de_France"
Franz_Boas,Franziska_Boas
"Louis_Mountbatten,_1st_Earl_Mountbatten_of_Burma",Lady_Pamela_Hicks
Chimaji_Appa,Sadashivrao_Bhau
Dorothy_Walker_Bush,Jonathan_Bush
Godfrey_Lowell_Cabot,Thomas_Dudley_Cabot
Shanti_Bhushan,Prashant_Bhushan
Arturo_Peniche,Brandon_Peniche
Michael_Hodgman,Will_Hodgman
John_Foreman_(producer),Amanda_Foreman_(actress)
Joel_McCrea,Jody_McCrea
Glen_Corbett,Laurie_Holden
Juan_Manuel_de_Rosas,Manuela_Rosas
Martha_Jefferson,Martha_Jefferson_Randolph
Anne-Aymone_Giscard_d'Estaing,Louis_Giscard_d'Estaing
Patrick_Tse,Jennifer_Tse
Bertie_Ahern,Cecelia_Ahern
John_Darling_Sr.,Joe_Darling
Leonard_Bacon,Thomas_Rutherford_Bacon
Feʻao_Vunipola,Billy_Vunipola
Tirey_L._Ford,Byington_Ford
Bairam_Khan,Abdul_Rahim_Khan-I-Khana
Tabitha_King,Joe_Hill_(writer)
Zbigniew_Brzezinski,Mark_Brzezinski
Alan_Eppes,Charlie_Eppes
Holly_Hoffman,Alexandra_Hoffman
Molly_Drake,Gabrielle_Drake
Bess_Truman,Margaret_Truman
Henry_Beveridge,William_Beveridge
Ruby_Dee,Guy_Davis_(musician)
George_Mercer_(merchant),John_Mercer_(Australian_pastoralist)
Paul_Waterhouse,Michael_Waterhouse
Mordecai_Barbour,John_S._Barbour
Monford_Orloff,Jon_Orloff
Robert_Keith_(actor),Brian_Keith
"Marcus_Wallenberg,_Sr.","Marcus_Wallenberg,_Jr."
R._Umanath,U._Vasuki
Kunti,Yudhishthira
Paul_McCartney,James_McCartney
P._Lankesh,Indrajit_Lankesh
Patrick_Troughton,Michael_Troughton
William_Hutchinson_(Rhode_Island),Susanna_Cole
Martha_Rivers_Ingram,John_R._Ingram_(businessman)
"Walter_R._Tucker,_Jr.",Walter_R._Tucker_III
Marcus_Licinius_Crassus,Publius_Licinius_Crassus_(son_of_triumvir)
Henry_Clews,Henry_Clews_Jr.
Julio_Iglesias_Sr.,Julio_Iglesias
Carl_David_af_Wirsén,Einar_af_Wirsén
Sándor_Hatvany-Deutsch,Ferenc_Hatvany
James_Cox_Aikins,James_Albert_Manning_Aikins
William_Ewart_Gladstone,"Herbert_Gladstone,_1st_Viscount_Gladstone"
Miyahuaxochtzin,Huehue_Zaca
Tokugawa_Hidetada,Tokugawa_Masako
Osvaldo_Domínguez_Dibb,Alejandro_Dominguez_(football_executive)
John_Beckett_(politician),Francis_Beckett
Georgiana_Drew,Ethel_Barrymore
Barry_Van_Dyke,Shane_Van_Dyke
Dnyaneshwar_Agashe,Ashutosh_Agashe
Cindy_Robbins,Kimberly_Beck
Imee_Marcos,TJ_Manotoc
Sam_Lucchese,Josephine_Lucchese
Rhoda_Haas_Goldman,Douglas_E._Goldman
Aristotle_Onassis,Christina_Onassis
Dorothy_Kitson,Robert_Pakington
Alfred_Allee,Alfred_Young_Allee
Bruno_Freindlich,Alisa_Freindlich
Mohammed_Yusuf_Khatri,Mohammed_Bilal_Khatri
Arthur_Hobhouse,Henry_Hobhouse_(author)
Samuel_Hayes_(settler),John_Belding
Bob_Marley,Julian_Marley
Richard_Lawson_(actor),Bianca_Lawson
Thomas_Toft,Thomas_Toft
Samuel_Lightfoot_Flournoy,Samuel_Lightfoot_Flournoy_(West_Virginia_lawyer)
"John_Pitcairn,_Jr.",Raymond_Pitcairn
Louisa_Adams,George_Washington_Adams
Michael_Kocáb,Natálie_Kocábová
K._Subrahmanyam,Sanjay_Subrahmanyam
Roy_Padilla_Sr.,BB_Gandanghari
Harvey_Rexford_Hitchcock,D._Howard_Hitchcock
Uttam_Mohanty,Babushan
Ashok_Kumar_Sarkar,Aveek_Sarkar
Lugene_Sanders,Kimberly_Quinn
Lydia_Shum,Joyce_Cheng
Charles_Dickens,Henry_Fielding_Dickens
Terry_Peck,James_Peck_(artist)
Monique_Evans,Bárbara_Evans
Sun_Yat-sen,Sun_Fo
Rashad_Khalifa,Sam_Khalifa
Daniel_Rose_(real_estate_developer),Gideon_Rose
Younes_Nazarian,Sam_Nazarian
Deng_Xiaoping,Deng_Pufang
Midge_and_Bob_Pinciotti,Donna_Pinciotti
"Lucy_Baldwin,_Countess_Baldwin_of_Bewdley","Oliver_Baldwin,_2nd_Earl_Baldwin_of_Bewdley"
Michael_Corleone,Mary_Corleone
Frances_Ellen_Work,"Maurice_Roche,_4th_Baron_Fermoy"
Hugo_Wolfram,Conrad_Wolfram
Freddie_Webb,Jason_Webb_(basketball)
Kathy_Hilton,Paris_Hilton
John_Gabriel_(actor),Andrea_Gabriel
Benazir_Bhutto,Bilawal_Bhutto_Zardari
Jay_Gould,Howard_Gould
Mark_Fiennes,Sophie_Fiennes
Ted_Hayes,Joanna_Hayes
Herbert_Marshall,Sarah_Marshall_(British_actress)
Eugenio_Derbez,Aislinn_Derbez
Helen_Vela,Princess_Punzalan
T._P._Madhavan,Raja_Krishna_Menon
Marshall_Eriksen,Barney_Stinson
Richard_Harris,Damian_Harris
Thérèse_Dion,Celine_Dion
Sheikh_Fazilatunnesa_Mujib,Sheikh_Jamal
Pauline_LaFon_Gore,Nancy_Gore_Hunger
Pierre_Louis-Dreyfus,Gérard_Louis-Dreyfus
Roxy_LeBlanc,Trevor_LeBlanc
J._B._Jeyaretnam,Kenneth_Jeyaretnam
Anisa_Makhlouf,Maher_al-Assad
Raymond_Audi,Pierre_Audi
Thomas_Wyatt_the_Younger,George_Wyatt_(writer)
Carol_Ann_Abrams,J._J._Abrams
"Louis_Mountbatten,_1st_Earl_Mountbatten_of_Burma","Patricia_Knatchbull,_2nd_Countess_Mountbatten_of_Burma"
Farooq_Leghari,Awais_Leghari
Clinton_L._Merriam,Clinton_Hart_Merriam
William_W._Cargill,Austen_Cargill
Eigil_Helland-Hansen,Grete_Nash
"Harriet_Sutherland-Leveson-Gower,_Duchess_of_Sutherland",Lord_Ronald_Gower
George_Mason,William_Mason_(1757–1818)
"Hugh_de_Kevelioc,_5th_Earl_of_Chester","Hawise_of_Chester,_1st_Countess_of_Lincoln"
Rosario_DeSimone,Frank_DeSimone
Washington_Atlee_Burpee,David_Burpee
Fred_Waitzkin,Joshua_Waitzkin
Odessa_Grady_Clay,Muhammad_Ali
Girija_Prasad_Koirala,Sujata_Koirala
Jonas_Bloch,Débora_Bloch
Francis_Marbury,Richard_Scott_(settler)
Harris_B._McDowell_Jr.,Harris_McDowell_III
Charlotte_von_Rothschild,Alfred_de_Rothschild
Clu_Gulager,John_Gulager
Frank_Griffiths,Arthur_Griffiths_(businessman)
Dorothy_Hammerstein,Susan_Blanchard_(socialite)
Benjamin_Whitrow,Celia_Imrie
Jeff_Tracy,Scott_Tracy
Pedro_Ferriz_Santacruz,Pedro_Ferriz_de_Con
Joseph-Noël_Bossé,Joseph-Guillaume_Bossé
James_Melvin_Scott,Cathy_Scott
Uday_Shankar,Mamata_Shankar
Edmund_Hillary,Peter_Hillary
E._F._Bleiler,Richard_Bleiler
Sylvester_the_Cat,Sylvester_Jr.
"Alexander_Macmillan,_2nd_Earl_of_Stockton","Daniel_Macmillan,_Viscount_Macmillan_of_Ovenden"
David_Bale,Christian_Bale
Emine_Mihrişah_Kadınefendi,Mustafa_III
Michael_D._Higgins,Alice_Mary_Higgins
Georg_von_Trapp,Hedwig_von_Trapp
Joann_Aalfs,Janet_Aalfs
Cornelius_Newton_Bliss,Lillie_P._Bliss
Buddy_Roemer,Chas_Roemer
Slobodan_Penezić,Relja_Penezic
Zong_Qinghou,Kelly_Zong
Chester_A._Arthur,Chester_Alan_Arthur_II
George_Mason_III,George_Mason
Henry_De_Mel,Lakdasa_De_Mel
Charles_Frost_(politician),Jack_Frost_(politician)
Nossis,Melinno
"Maurice_Roche,_4th_Baron_Fermoy",Frances_Shand_Kydd
Warren_Buffett,Susan_Alice_Buffett
Juba_I_of_Numidia,Juba_II
Feʻao_Vunipola,Mako_Vunipola
Aleksandr_Vinogradov_(writer),Sergei_Vinogradov_(journalist)
Isadore_Rush,Florence_Reed
Recep_Tayyip_Erdoğan,Bilal_Erdoğan
Hezekiah_William_Foote,Huger_Lee_Foote
"Henry_Dundas,_1st_Viscount_Melville","Robert_Dundas,_2nd_Viscount_Melville"
Carl_Mayer_von_Rothschild,Mayer_Carl_von_Rothschild
Rahat_Kazmi,Ali_Kazmi
William_Howard_Taft,Charles_Phelps_Taft_II
Emil_Walter,Emil_J._Walter
Stewart_McKinney_(politician),John_P._McKinney
Anant_Jog,Kshitee_Jog
Jack_Quinn_(politician),Jack_Quinn_III
Joseph_Chamberlain,Austen_Chamberlain
Neville_Neville,Tracey_Neville
Henry_Ephron,Hallie_Ephron
Henry_Jarecki,Andrew_Jarecki
Jürgen_Kuczynski,Thomas_Kuczynski
Alexander_Genis,Daniel_Genis
Wieland_Wagner,Nike_Wagner
Lynn_Schusterman,Stacy_H._Schusterman
Morgan_Freeman,Alfonso_Freeman
"Luisa_Isabel_Álvarez_de_Toledo,_21st_Duchess_of_Medina_Sidonia","Leoncio_Alonso_González_de_Gregorio,_22nd_Duke_of_Medina_Sidonia"
William_Matson,Lurline_Matson_Roth
Ray_Groom,Matthew_Groom
Katherine_Kessey,Jamie_Treacher
Doris_Boyd,David_Boyd_(artist)
Charles_Dickens,Walter_Landor_Dickens
Salmaan_Taseer,Aatish_Taseer
John_Young_(Hawaii),James_Kānehoa
Gloria_Guinness,Dolores_Guinness
David_Monro,Charles_Monro_(rugby_union)
William_Rockefeller,William_Goodsell_Rockefeller
William_J._Bell,Lauralee_Bell
Kirill_Razumovski,Elizabeth_of_Russia
Edwin_Hatch,Beatrice_Hatch
Cain_and_Abel,Enoch_(son_of_Cain)
Colin_Vaughan,Adam_Vaughan
Bhabananda_Deka,Jim_Ankan_Deka
John_Glenister,Robert_Glenister
Eleanor_Roosevelt,John_Aspinwall_Roosevelt
B'alaj_Chan_K'awiil,Itzamnaaj_B'alam
Samuel_Taylor_Coleridge,Derwent_Coleridge
Julius_Caesar,Augustus
George_Bryson_Sr.,George_Bryson_Jr.
Bill_Henrickson,Ben_Henrickson
Tiko_Campbell,Maia_Campbell
Red_Forman,Eric_Forman
Ralph_Keeler,John_Keeler
Zachary_Taylor,Sarah_Knox_Taylor
Balaji_Baji_Rao,Vishwasrao
Bill_Hudson_(singer),Kate_Hudson
James_E._Bolin,Bruce_M._Bolin
Carl_Mayer_von_Rothschild,Wilhelm_Carl_von_Rothschild
Lord_Randolph_Churchill,John_Strange_Spencer-Churchill
Henry_Morgenthau_Jr.,Henry_Morgenthau_III
Shatrughan_Sinha,Sonakshi_Sinha
John_Seward_Johnson_I,Jamie_Johnson_(filmmaker)
Bing_Crosby,Lindsay_Crosby
"Caroline_Fox,_1st_Baroness_Holland","Stephen_Fox,_2nd_Baron_Holland"
Mohammed_Burhanuddin,Mufaddal_Saifuddin
Lisa_Hoffman,Jake_Hoffman
Salvador_Allende,Beatriz_Allende
Kirsten_Cohen,Jimmy_Cooper_(The_O.C.)
Lillian_Bostwick_Phipps,Lilly_Pulitzer
Arthur_Merric_Boyd,Martin_Boyd
Henry_Fok,Timothy_Fok
Bibliography_of_Thomas_Jefferson,Mary_Jefferson_Eppes
Joseph_Sargent,Lia_Sargent
Robert_Pritzker,Karen_Pritzker
Lucy_Hayes,Webb_Hayes
Martin_Luther_King_Jr.,Martin_Luther_King_III
John_Donelson,Rachel_Jackson
Vinod_Khanna,Rahul_Khanna
Sidney_Janis,Conrad_Janis
Dwight_Baldwin_(missionary),Henry_Perrine_Baldwin
Julius_Caesar,Caesarion
Sal_Rocca,Tory_Rocca
Floyd_Chalmers,Joan_Chalmers
Inés_Mendoza,Victoria_Muñoz_Mendoza
Serafin_Baroja,Carmen_Baroja
Sajida_Talfah,Rana_Hussein
John_S._D._Tory,James_Marshall_Tory
Barbara_Davis,John_Davis_(producer)
Ben_Horne,Audrey_Horne
Monte_Westmore,Michael_Westmore
Hosni_Mubarak,Alaa_Mubarak
Lex_de_Azevedo,Rachel_Coleman
Don_Gaetz,Matt_Gaetz
Alison_Snowden,Lily_Snowden-Fine
Huang_Jing,Yu_Zhengsheng
B._V._Nimbkar,Nandini_Nimbkar
Dave_Roberts_(broadcaster),David_Boreanaz
William_Cortenus_Schenck,Robert_C._Schenck
Barbara_Siggers_Franklin,Carolyn_Franklin
Jessie_Harlan_Lincoln,Robert_Todd_Lincoln_Beckwith
John_Cassavetes,Nick_Cassavetes
"Albert_Buckman_Wharton,_Jr.",Albert_Buckman_Wharton_III
John_Kee,James_Kee
"Frederick_Calvert,_6th_Baron_Baltimore",Henry_Harford
Cheng_Shewo,Cheng_Youshu
Leopold_de_Rothschild,Anthony_Gustav_de_Rothschild
Hildebrand_Gurlitt,Cornelius_Gurlitt_(art_collector)
Charles_M._Poston,Bryan_A._Poston
Marjie_Lawrence,Sarah_Greene
Angelo_Rizzoli,Andrea_Rizzoli
Rose_McConnell_Long,Russell_B._Long
George_Hearst,William_Randolph_Hearst
Yuri_Mamin,Katerina_Ksenyeva
Rick_Grimes,Carl_Grimes
Zulfiqar_Mirza,Hasnain_Mirza
John_Theodore_Merz,Charles_Hesterman_Merz
Maria_Rozanova,Iegor_Gran
Leonard_Lewisohn_(philanthropist),Alice_Lewisohn
Salvador_Allende,Isabel_Allende_(politician)
Roger_Sherman_Baldwin,Simeon_Eben_Baldwin
Alexander_Tom_Cussons,Leslie_Cussons
Minnie_Lichtenstein_Marcus,Stanley_Marcus
Sarah_Bezra_Nicol,Emma_Nicol
Léonie_Gilmour,Isamu_Noguchi
J._R._R._Tolkien,Christopher_Tolkien
Henry_Lamb,Valentine_Lamb
Senta_Berger,Simon_Verhoeven
Coleridge_and_opium,Derwent_Coleridge
Josiah_Ogden_Hoffman,Ogden_Hoffman
George_J._Maloof_Sr.,George_J._Maloof_Jr.
Alfie_Byrne,Thomas_Byrne_(Dublin_politician)
Bradford_Meade,Alexis_Meade
Ole_Michael_Ludvigsen_Selberg,Henrik_Selberg
Mary_Todd_Lincoln,Tad_Lincoln
Henry_Laurens,Martha_Laurens_Ramsay
Abby_May,Louisa_May_Alcott
Sheikh_Liaquat_Hussain,Aamir_Liaquat
Louis_Tourville,Rodolphe_Tourville
Martín_De_León,Silvestre_De_León
"Lavinia_Spencer,_Countess_Spencer",Ignatius_Spencer
Thomson_Mason,Stevens_Thomson_Mason_(Virginia)
Thaddeus_Dod,Albert_Baldwin_Dod
"Michael_Grant,_12th_Baron_de_Longueuil",Rebecca_Grant_(British_actress)
Percy_Orthwein,Adolphus_Busch_Orthwein
Richard_Ng,Carl_Ng
William_Colgate,Samuel_Colgate
Freddie_Jones,Toby_Jones
Abel_Meeropol,Robert_Meeropol
I._Stanford_Jolley,Stan_Jolley
Jacqueline_Desmarais,André_Desmarais
"Robert_Gascoyne-Cecil,_3rd_Marquess_of_Salisbury",Lord_Edward_Cecil
Sara_Dylan,Jakob_Dylan
Dominick_Dunne,Dominique_Dunne
Andrzej_Hławiczka,Karol_Hławiczka
Ramón_Chao,Manu_Chao
Chiang_Hsiao-yung,Demos_Chiang
Jennifer_Lash,Sophie_Fiennes
George_W._Haley,David_Haley
Connie_Stevens,Tricia_Leigh_Fisher
Anna_Gmeyner,Eva_Ibbotson
Ruth_Hussey,John_Longenecker
Malaysia_Vasudevan,Yugendran
Chester_C._Bolton,Oliver_P._Bolton
Lex_de_Azevedo,Emilie_Brown
Stephen_Gyllenhaal,Maggie_Gyllenhaal
Saddam_Hussein,Raghad_Hussein
William_E._Dodge,Charles_C._Dodge
Arthur_Ellis_Franklin,Cecil_Franklin
Sharman_Macdonald,Keira_Knightley
Ronald_Lauder,Jane_Lauder
Liudas_Jakavicius-Grimalauskas,Carla_Rigg
Jan_Stenbeck,Cristina_Stenbeck
Kevin_Newman_(politician),Campbell_Newman
Priscilla_Paetsch,Johann_Sebastian_Paetsch
Jerry_Orbach,Chris_Orbach
"Frances_Vane,_Marchioness_of_Londonderry","George_Vane-Tempest,_5th_Marquess_of_Londonderry"
Raf_Vallone,Eleonora_Vallone
Alfred_Daniel_Williams_King,Alveda_King
Margaret_Wycherly,Anthony_Veiller
Subhashini_Ali,Shaad_Ali
John_Bowman_(broadcaster),Abie_Philbin_Bowman
Noel_Gay,Richard_Armitage_(agent)
Richard_Fuisz,Joseph_Fuisz
Jules_Verne,Michel_Verne
Mahatma_Gandhi,Harilal_Gandhi
Charlie_Soong,Soong_Ching-ling
Tyler_MacDuff,Dana_MacDuff
Gina_Rinehart,John_Hancock_(Australian_businessman)
Fulton_Oursler,Will_Oursler
Jaya_Bachchan,Abhishek_Bachchan
Frank_Bacon_(actor),Lloyd_Bacon
Vassilis_C._Constantakopoulos,Christos_V._Konstantakopoulos
Ozzie_Nelson,David_Nelson_(actor)
Carl_Friedrich_Goerdeler,Reinhard_Goerdeler
Temperance_%22Bones%22_Brennan,Seeley_Booth
E._V._V._Satyanarayana,Aryan_Rajesh
Wayne_Berry,Yvette_Berry
J._I._M._Stewart,Angus_John_Mackintosh_Stewart
Thomas_J._Herbert,John_D._Herbert
Abraham_Lincoln,Tad_Lincoln
Ton_Meijer,Markus_Meijer
Maria_Franca_Fissolo,Giovanni_Ferrero
Christopher_Wordsworth_(Trinity),Charles_Wordsworth
Vittorio_Mezzogiorno,Giovanna_Mezzogiorno
William_Jarvis_(Upper_Canada_official),Samuel_Jarvis
Carl_Heinrich_Hagen,Adolf_Hermann_Hagen
Ray_Warren,Chris_Warren_(rugby_league)
Donald_P._Bellisario,Troian_Bellisario
Ma_Qi,Ma_Bufang
Erik_Bergman_(Lutheran_minister),Ingmar_Bergman
Francis_A._Nixon,Richard_Nixon
Charles_Thomas_Brock_Sangster,Jack_Sangster
Rufus_T._Bush,Irving_T._Bush
Clive_James,Claerwen_James
Karpal_Singh,Gobind_Singh_Deo
Dominick_Dunne,Griffin_Dunne
Josephine_Wayne,Patrick_Wayne
"Max_Factor,_Sr.","Max_Factor,_Jr."
Luis_Muñoz_Rivera,Luis_Muñoz_Marín
Rudyard_Kipling,John_Kipling
Reuben_H._Walworth,Clarence_A._Walworth
Pankaj_Dheer,Nikitin_Dheer
Frank_Crean,David_Crean
Marina_Berti,Marina_Giordana
Joe_Yule,Mickey_Rooney
E._V._V._Satyanarayana,Allari_Naresh
Silvio_Berlusconi,Pier_Silvio_Berlusconi
Doğu_Perinçek,Mehmet_Perinçek
John_R._Neal,"John_Randolph_Neal,_Jr."
Taylor_W._O'Hearn,Paul_A._Kennon
José_Eduardo_dos_Santos,Isabel_dos_Santos
"Katherine_Villiers,_Duchess_of_Buckingham","George_Villiers,_2nd_Duke_of_Buckingham"
A._Linwood_Holton_Jr.,Anne_Holton
William_Bligh,Mary_Putland
Enzo_Ferrari,Alfredo_Ferrari
N._F._S._Grundtvig,Svend_Grundtvig
John_Baker_White_(Virginia),Robert_White_(attorney_general)
Linda_Carroll,Courtney_Love
Mansour_bin_Zayed_Al_Nahyan,Hamdan_bin_Zayed_bin_Sultan_Al_Nahyan
Nicholas_Easton,John_Easton
"Frederick_Hervey,_1st_Marquess_of_Bristol","Frederick_Hervey,_2nd_Marquess_of_Bristol"
Diahnne_Abbott,Drena_De_Niro
Jacob_Johnson_(father_of_Andrew_Johnson),Andrew_Johnson
Frances_Fisher,Francesca_Eastwood
Barbara_Henrickson,Margene_Heffman
Frank_Packer,Clyde_Packer
Tony_Richardson,Joely_Richardson
Nicholas_Porter_Earp,James_Earp
Henry_Miller_(actor),Gilbert_Miller
Margaret_Webb_Dreyer,Thorne_Webb_Dreyer
Peter_Watts_(road_manager),Ben_Watts
Alain_Elkann,Ginevra_Elkann
William_Huntington_(Mormon),Zina_D._H._Young
Wan_Azizah_Wan_Ismail,Nurul_Izzah_Anwar
Ryutaro_Hashimoto,Gaku_Hashimoto
Leonard_Bacon,George_B._Bacon
Charles_Edward_Bandaranaike_Corea,Victor_Corea
Mayer_Amschel_Rothschild,Nathan_Mayer_Rothschild
Michael_Bloomberg,Georgina_Bloomberg
John_Parke_Custis,Martha_Parke_Custis_Peter
Yang_Kaihui,Mao_Anqing
Martha_Jefferson_Randolph,George_W._Randolph
Charles_Scribner_I,Charles_Scribner_II
Philip_Danforth_Armour,J._Ogden_Armour
Mariano_Fuentebella,Felix_Fuentebella
Ned_Stark,Arya_Stark
Lakshmi_Mittal,Aditya_Mittal
Rasul_Rza,Anar_Rzayev
John_Thomson_Mason_(1787–1850),Armistead_Thomson_Mason
Maneka_Gandhi,Varun_Gandhi
Tom_McVeigh,John_McVeigh_(politician)
Francisco_José_Urrutia_Holguín,Miguel_Urrutia_Montoya
Frances_Ford_Seymour,Jane_Fonda
Jack_Kemp,Jimmy_Kemp
Margaret_Lea_Houston,Andrew_Jackson_Houston
William_Rice_(Methodist_minister),William_North_Rice
James_Otis_Sr.,Mercy_Otis_Warren
John_Landis,Max_Landis
Louis_Malle,Alexandra_Stewart
Rohese_de_Clare,Gilbert_fitzBaderon
Ted_Corday,Ken_Corday
Bob_Marley,Rohan_Marley
Simon_Larned,Charles_Larned
Robert_Gray_(bishop_of_Bristol),Robert_Gray_(bishop_of_Cape_Town)
Samuel_A._Eliot_(minister),"Samuel_Atkins_Eliot,_Jr."
Nicolae_Ceaușescu,Valentin_Ceaușescu
Athina_Livanos,Christina_Onassis
Bob_McCaslin_Sr.,Bob_McCaslin_Jr.
Padoh_Mahn_Sha_Lah_Phan,Nant_Bwa_Bwa_Phan
Frank_Bestow_Wiborg,Mary_Hoyt_Wiborg
Michio_Watanabe,Yoshimi_Watanabe
Vijayakumar_(actor),Arun_Vijay
Norris_Wright_Cuney,Maud_Cuney_Hare
Joe_Ricketts,Thomas_S._Ricketts
M._R._Radha,Radha_Ravi
Ole_Michael_Ludvigsen_Selberg,Atle_Selberg
Hubba_bint_Hulail,Abd_Manaf_ibn_Qusai
Abigail_Adams,Charles_Adams_(1770–1800)
Jack_Nicholas_Pritzker,Nicholas_J._Pritzker
Robert_Hastings_Hunkins,Benjamin_Hunkins
Senzangakhona_kaJama,Dingane_kaSenzangakhona
Christopher_Mitchum,Bentley_Mitchum
Talia_Shire,Robert_Coppola_Schwartzman
David_Dimbleby,Kate_Dimbleby
Bill_Clinton,Chelsea_Clinton
Anthony_Minghella,Max_Minghella
Walter_Freud,"David_Freud,_Baron_Freud"
Saraswathi_Gora,Chennupati_Vidya
Christopher_Comstock,Samuel_Comstock
Nabaneeta_Dev_Sen,Antara_Dev_Sen
Larry_J._Hopkins,Josh_Hopkins
Randolph_Churchill,Winston_Churchill_(1940–2010)
William_Smith_(Ordnance),James_Webber_Smith
Abraham_Lincoln,William_Wallace_Lincoln
Carole_Middleton,James_William_Middleton
Constantin_Tănase_(journalist),Alexandru_Tănase
Patrick_S._Casserly,Eugene_Casserly
Chester_McNulty,Clifford_McNulty
"John_Pitcairn,_Jr.",Theodore_Pitcairn
Jacques_Chirac,Claude_Chirac
Alasdair_Milne,Kirsty_Milne
Henry_Arnold_Cumberbatch,Henry_Carlton_Cumberbatch
Henry_S._Thibodaux,Bannon_Goforth_Thibodeaux
Dillon_Bell,Arthur_Bell_(engineer)
Drusilla_Beyfus,Nicola_Shulman
Horst_Buchholz,Christopher_Buchholz
Elizabeth_Wolley,Francis_Wolley
Edmund_Reggie,Victoria_Reggie_Kennedy
Luis_Eduardo_Moreno,Alexandra_Moreno_Piraquive
Benson_Leavitt,Emily_Wilder_Leavitt
"William_Paget,_1st_Baron_Paget",Charles_Paget_(conspirator)
Barry_Hearn,Eddie_Hearn
Khadija_bint_Khuwaylid,Umm_Kulthum_bint_Muhammad
Ratanji_Dadabhoy_Tata,J._R._D._Tata
Marcus_Goldman,Samuel_Sachs
Esmond_Wickremesinghe,Ranil_Wickremesinghe
Rahah_Noah,Najib_Razak
Howard_Hawks,Kitty_Hawks
Julia_Grant,Jesse_Root_Grant
Mikołaj_%22the_Black%22_Radziwiłł,Jerzy_Radziwiłł_(1556–1600)
Mark_Twain,Jean_Clemens
William_Lansing_Gleason,William_Henry_Gleason
Nigel_Lawson,Nigella_Lawson
Ingrid_Bergman,Isabella_Rossellini
Montgomery_Schuyler,Robert_Livingston_Schuyler
"Sir_Charles_Tennant,_1st_Baronet",Harold_Tennant
Harry_Morgan_(Dexter),Dexter_Morgan
"Michael_Grant,_12th_Baron_de_Longueuil",Rachel_Grant
Charles_Gaines,Shelby_Gaines
Coretta_Scott_King,Yolanda_King
A._Bhimsingh,B._Lenin
Howard_Edward_Butt_Sr.,Charles_Butt
Hovhannes_Avetisyan,Andranik_Avetisyan
John_Breckinridge_(U.S._Attorney_General),Cabell_Breckinridge
"Gerald_Legge,_9th_Earl_of_Dartmouth","William_Legge,_10th_Earl_of_Dartmouth"
Nick_Begich,Mark_Begich
Hulk_Hogan,Brooke_Hogan
Ralph_Norman_Bauer,Carl_W._Bauer
Myrtle_Anagnostou,Antigoni_Douka
Nathaniel_Hawthorne,Mother_Mary_Alphonsa
Gülçiçek_Hatun,Bayezid_I
Nadira_Babbar,Prateik_Babbar
Sarama_(Ramayana),Trijata
Lenny_Waronker,Anna_Waronker
April_Margera,Jess_Margera
Samuel_Northrup_Castle,William_Richards_Castle
Valgerður_Gunnarsdóttir,Örlygur_Hnefill_Örlygsson
G._B._Samuelson,Sydney_Samuelson
Britt_Ekland,Victoria_Sellers
Don_Svaty,Joshua_Svaty
Padoh_Mahn_Sha_Lah_Phan,Zoya_Phan
Alma_Powell,Michael_Powell_(lobbyist)
Jennifer_Lash,Ralph_Fiennes
George_Estregan,Gary_Estrada
José_Rivera_Díaz,Thomas_Rivera_Schatz
John_Williams,Joseph_Williams_(musician)
Carole_King,Louise_Goffin
"Charles_W._Engelhard,_Jr.",Sally_E._Pingree
Salwa_Al_Katrib,Aline_Lahoud
Harry_Connick_Sr.,Harry_Connick_Jr.
"Joe_Howard,_Jr.",Irving_T._Bush
David_K._Wilson,Justin_P._Wilson
Ernest_Hemingway,Gregory_Hemingway
William_Richardson_Belknap,Eleanor_Silliman_Belknap_Humphrey
Waris_Mir,Hamid_Mir
Émile_Garçon,Maurice_Garçon
Nancy_Reagan,Michael_Reagan
Matthias_Sention_Sr.,Matthias_Sention_Jr.
Carey_Martin,Cody_Martin
Ferdynand_Radziwiłł,Michał_Radziwiłł_Rudy
Eugenio_Lopez_Jr.,Eugenio_Lopez_III
Robert_Crants_(CEO),"D._Robert_Crants,_III"
Srima_Dissanayake,Navin_Dissanayake
John_Dickens,Augustus_Dickens
William_Bernard_Ziff_Sr.,William_Bernard_Ziff_Jr.
Ada_Lovelace,"Anne_Blunt,_15th_Baroness_Wentworth"
Aenne_Burda,Hubert_Burda
Indira_Gandhi,Sanjay_Gandhi
Richard_Cheatham,Richard_Boone_Cheatham
Gloria_Allred,Lisa_Bloom
Nigar_Hatun,Şehzade_Korkut
John_Wentworth_(Lieutenant-Governor),Benning_Wentworth
Akbar_Hashemi_Rafsanjani,Mehdi_Hashemi_Rafsanjani
Anna_Maria_Marten,Gading_Marten
Junius_Brutus_Booth,John_Wilkes_Booth
G._Narasimhan,N._Ram
Thomas_Wyatt_(poet),Thomas_Wyatt_the_Younger
Nicholas_Porter_Earp,Warren_Earp
John_Stuart_(clergyman),George_Okill_Stuart_(priest)
Duncan_Cameron_Fraser,Alistair_Fraser
Christian_Lasson,Per_Lasson
Aaron_Bancroft,George_Bancroft
Gloria_Morgan_Vanderbilt,Gloria_Vanderbilt
Saul_Landau,Greg_Landau
Grace_Bussell,Deborah_Vernon_Hackett
Thorvald_Boye,Thore_Boye
Richard_Foster_(Alaska_politician),Neal_Foster
Penny_Marshall,Tracy_Reiner
Denise_DeBartolo_York,Jed_York
John_Cassavetes,Alexandra_Cassavetes
Thomas_Lee_(Virginia_colonist),Thomas_Ludwell_Lee
Edward_Bassett,Isabel_Bassett_Wasson
Loke_Yew,Loke_Wan_Tho
Patrick_Brontë,Branwell_Brontë
Simon_Greenberg,Moshe_Greenberg
George_Coulouris,Mary_Louise_Coulouris
Oliver_Ames_(governor),Oakes_Ames_(botanist)
Doris_Day,Terry_Melcher
Caitlyn_Jenner,Brody_Jenner
Fred_Wilpon,Jeff_Wilpon
John_Gadsby_(tavern_keeper),John_Gadsby_Chapman
Richard_Davalos,Elyssa_Davalos
"Henry_Lascelles,_6th_Earl_of_Harewood","George_Lascelles,_7th_Earl_of_Harewood"
Sunil_Dutt,Sanjay_Dutt
Konstantine_Gamsakhurdia,Zviad_Gamsakhurdia
Kamal_Jumblatt,Walid_Jumblatt
Minnie_Marx,Gummo_Marx
Nancy_Walker_Bush_Ellis,Alexander_Ellis_III
Herman_David_Koppel,Anders_Koppel
Alexander_Gregory_Barmine,Margot_Roosevelt
Lech_Wałęsa,Jarosław_Wałęsa
Thomas_S._Hinde,Edmund_C._Hinde
Dorothea_Jordan,Lord_Frederick_FitzClarence
Hal_Shockey,Jim_Shockey
Bajirao_I,Shamsher_Bahadur_I_(Krishna_Rao)
Lajos_Kossuth,Ferenc_Kossuth
Amos_Pinchot,Mary_Pinchot_Meyer
Srirasmi_Suwadee,Dipangkorn_Rasmijoti
Edith_Ewing_Bouvier_Beale,"Phelan_Beale,_Jr."
Yoel_Judah,Zab_Judah
Santo_Trafficante_Sr.,Santo_Trafficante_Jr.
Franklin_Benjamin_Sanborn,Victor_Channing_Sanborn
Richard_Hart_(actor),Christopher_Rawson
Edward_J._DeBartolo_Jr.,Tiffanie_DeBartolo
Ann_Rule,Leslie_Rule
Benjamin_Franklin,William_Franklin
Heli_Finkenzeller,Gaby_Dohm
Richard_Melancthon_Hurd,Clement_Hurd
Fuad_Char,Arturo_Char_Chaljub
Santiago_Casares_Quiroga,María_Casares
James_Fox,Lydia_Fox_(actress)
Ray_Dolby,Tom_Dolby
Nursultan_Nazarbayev,Aliya_Nazarbayeva
Liao_Zhongkai,Liao_Chengzhi
John_Kidston_Swire,John_Anthony_Swire
Ben_Zion_Hyman,Gurion_Hyman
Vince_McMahon,Stephanie_McMahon
Nagendra_Vijay,Harshal_Pushkarna
"Arthur_Capell,_1st_Baron_Capell_of_Hadham","Arthur_Capell,_1st_Earl_of_Essex"
Elizabeth_Dickens,Charles_Dickens
Etienne_Saqr,Karol_Sakr
Henry_P._Sullivan,Kathy_Sullivan_(American_politician)
Isadora_Bennett,Susan_Reed_(singer)
Lois_Roden,George_Roden
Iqbal_Durrani,Mashaal_Durrani
Eleanor_Roosevelt,James_Roosevelt
Hans_Eleonardus_Møller_Sr.,Hans_Eleonardus_Møller
Rupert_Murdoch,Lachlan_Murdoch
Mwanawina_I,Mulambwa_Santulu
Moses_Taylor_Pyne,Percy_Rivington_Pyne_2nd
Lisa_Marie_Presley,Riley_Keough
Al_Lerner,Randy_Lerner
Drona,Ashwatthama
Gene_Persson,Kaitlin_Hopkins
John_Black_(privateer),Mary_Ann_Black
Rahmonberdi_Madazimov,Urinboy_Rahmonberdievich_Rakhmonov
Éleuthère_Irénée_du_Pont,Samuel_Francis_Du_Pont
John_Holman_(politician),May_Holman
Doug_Anthony,Larry_Anthony
"Josiah_K._Lilly,_Jr.",Ruth_Lilly
Moses_Gaster,Jack_Gaster
William_J._Jefferson,Jalila_Jefferson-Bullock
Bun_Rany,Hun_Manet
Jean_Speegle_Howard,Ron_Howard
Susan_L._Tepper,Arielle_Tepper_Madover
Clint_Eastwood,Kyle_Eastwood
Luciano_Benetton,Alessandro_Benetton
Elinor_Caplan,David_Caplan
"James_Montaudevert_Waterbury,_Sr.",Lawrence_Waterbury_II
Abiel_Abbot_Low,Abbot_Augustus_Low
Astrid_Allwyn,Melinda_O._Fee
Dick_Cusack,Ann_Cusack
Samuel_Thomas_Alexander,Annie_Montague_Alexander
Chad_Varah,Michael_Varah
Mutemwiya,Amenhotep_III
Michael_Sars,Eva_Nansen
Luis_Miguel_Dominguín,Miguel_Bosé
Christopher_Chenery,Hollis_B._Chenery
Thurgood_Marshall,"Thurgood_Marshall,_Jr."
Frances_Tupper,Charles_Hibbert_Tupper
Benigno_Aquino_Jr.,Benigno_Aquino_III
Ellen_Axson_Wilson,Eleanor_Wilson_McAdoo
George_Palmer_Putnam,George_Haven_Putnam
Lilian_Constantini,Dominique_Schneidre
Anka_Muhlstein,Stéphane_Dujarric
Lou_Henry_Hoover,Allan_Hoover
Sila_María_Calderón,María_Elena_González_Calderón
Clint_Eastwood,Alison_Eastwood
Henry_Lovell,Charles_Henry_Lovell
Felice_Colombo,Nicola_Colombo
Sidney_Luft,Lorna_Luft
Mark_Antony_(Rome_character),Cleopatra_Selene_II
Edward_S._Rogers_Sr.,Edward_Samuel_Rogers
Ivy_Ling_Po,Kenneth_Bi
Mehdi_Bazargan,Abdolali_Bazargan
Ian_Watmore,Duncan_Watmore
Richard_Gresham,John_Gresham
Tatiana_Santo_Domingo,India_Casiraghi
George_Washington_Baines,Joseph_Wilson_Baines
Albert_Speer,Margret_Nissen
John_Mortimer,Wendy_Craig
Julia_McNamara,Annie_McNamara
Priscilla_Bright_McLaren,Euan_Rabagliati
Gertrude_Vanderbilt_Whitney,Flora_Payne_Whitney
Terry_Pratchett,Rhianna_Pratchett
Charles_Kushner,Joshua_Kushner
William_Randolph_Hearst,John_Randolph_Hearst
Thomas_Lee_(Virginia_colonist),Arthur_Lee_(diplomat)
Louis_Alphonse_Gassion,Édith_Piaf
Jerzy_Buzek,Agata_Buzek
Charytín_Goyco,Shalim_Ortiz
Ronald_Cove-Smith,Rodney_Cove-Smith
Caroline_Remond_Putnam,Charles_Lenox_Remond
Johan_Castberg,Frede_Castberg
Grace_Mugabe,Bona_Mugabe
Maria_Shriver,Patrick_Schwarzenegger
Alexander_Hamilton,Alexander_Hamilton_Jr.
Mine-a,Danaya
Sam_Nujoma,Utoni_Nujoma
Jack_Suchet,David_Suchet
Rajiv_Gandhi,Rahul_Gandhi
Dasharatha,Shatrughna
"Luther_Halsey_Gulick,_Sr.",Sidney_Gulick
Moran_family,Jason_Moran
Jacqueline_Bhabha,Satya_Bhabha
Robert_Drury_(speaker),William_Drury_(died_1558)
Charles_Baring,Thomas_Baring_(1831–1891)
Samuel_Gardner_Drake,Francis_Samuel_Drake_(historian)
John_Seymour_(1474–1536),Jane_Seymour
Frank_Zappa,Moon_Zappa
John_P._Kirk,Bernard_Kirk
Anisa_Makhlouf,Bashar_al-Assad
Augustus_Jones,John_Jones_(Ojibwa_chief)
John_Percival_Postgate,Margaret_Cole
Jolie_Gabor,Magda_Gabor
William_Henry_Vanderbilt,Cornelius_Vanderbilt_II
Catherine_Coll,Éamon_de_Valera
"Georgiana_Spencer,_Countess_Spencer","Henrietta_Ponsonby,_Countess_of_Bessborough"
Shireen_Irani,Meher_Baba
Ralph_Nelson,Ted_Nelson
Vershini,Shanta
Gai_Waterhouse,Tom_Waterhouse
James_Dew_Chaplin,Edna_Anderson
Duryodhana,Laxman_Kumara
Wen_Qimei,Mao_Zedong
Kamalnayan_Bajaj,Rahul_Bajaj
K._Padmanabhan_Nair,Latha_Raju
Rance_Howard,Clint_Howard
Robert_Stevenson_(civil_engineer),David_Stevenson_(engineer)
Robert_Bickersteth_(bishop),Robert_Bickersteth_(MP)
Pierre_Peugeot,Thierry_Peugeot
John_Blumsky,Mark_Blumsky
Michael_Flanders,Laura_Flanders
Abel_Smith_(1717–1788),John_Smith_(Wendover_MP)
Muhammad_Shahidullah,Murtaja_Baseer
George_Valentine_McInerney,Ralph_McInerney
Shirley_Kuo,Christina_Liu
Henry_Clay_McDowell,Madeline_McDowell_Breckinridge
Tom_Hayden,Troy_Garity
Morris_Lottinger_Sr.,Morris_Lottinger_Jr.
Lawrence_John_Cannon,Lawrence_Arthur_Dumoulin_Cannon
Dagmar_Dolby,Tom_Dolby
Geraldine_Chaplin,Oona_Chaplin
Iris_Fontbona,Jean-Paul_Luksic_Fontbona
Catherine_Allégret,Benjamin_Castaldi
"Sidney_Buller-Fullerton-Elphinstone,_16th_Lord_Elphinstone",Margaret_Rhodes
Ryan_O'Neal,Tatum_O'Neal
Geraldine_Moffat,Dan_Houser
David_Bevan_(banker),Favell_Lee_Mortimer
Adam_Egede-Nissen,Gøril_Havrevold
Sara_Sothern,Elizabeth_Taylor
Edward_Kimball,Clara_Kimball_Young
Soledad_Duterte,Rodrigo_Duterte
Balraj_Sahni,Parikshit_Sahni
Emine_Mihrişah_Kadınefendi,Ümmügülsüm_Sultan
Helen_J._Frye,E._Max_Frye
Austin_Flint_I,Austin_Flint_II
Kwesi_Armah,Esther_Armah
Kwok_Tak-Seng,Walter_Kwok
William_McKeag,Gordon_McKeag
François_Duvalier,Simone_Duvalier
Max_Joachim,Harold_Ritz
Bernie_Ecclestone,Petra_Stunt
John_Flanagan_(author),Penny_Flanagan
Henry_Clay,John_Morrison_Clay
Terry_Jones_(i-D),Matt_Jones_(photographer)
Sabawi_Ibrahim_al-Tikriti,Ayman_Sabawi_Ibrahim
Mark_Birley,India_Jane_Birley
Joey_Bishop,Larry_Bishop
Swati_Piramal,Nandini_Piramal
Anthony_Head,Daisy_Head
Naomi_Mitchison,Denis_Mitchison
Ole_Nordhaug,Halvor_Nordhaug
Alma_Mahler,Anna_Mahler
J._Ernest_Wilkins_Sr.,J._Ernest_Wilkins_Jr.
Hope_Lange,Christopher_Murray_(actor)
Sivaji_Ganesan,Prabhu_(actor)
Imad_Mughniyah,Jihad_Mughniyah
Margery_Wentworth,Henry_Seymour_(16th-century_MP)
Nejat_Eczacıbaşı,Faruk_Eczacıbaşı
James_Cellan_Jones,Rory_Cellan-Jones
Arwa_bint_Kurayz,Arwa_bint_Kurayz
Trevor_Peacock,Harry_Peacock_(actor)
Ayub_Khan_(general),Gohar_Ayub_Khan
List_of_Roseanne_characters,List_of_Roseanne_characters
William_Hinds,Anthony_Hinds
Corazon_Aquino,Kris_Aquino
Betty_Lou_Bredemus,Eric_Roberts
Mathieu_Baudet-Lafarge,Jacques_Baudet-Lafarge
Fred_A._Hartley_Jr.,Al_Hartley
Yang_Yanzhao,Yang_Wenguang
Jorge_Alberto_Ramos_Comas,Jorge_Alberto_Ramos_Vélez
Mohammad_Mofatteh,Mohammad_Mehdi_Mofatteh
Franklin_D._Roosevelt,Anna_Roosevelt_Halsted
Chan_Htoon,Ye_Htoon
Abhimanyu,Parikshit
"William_Mitchell-Thomson,_1st_Baron_Selsdon","Peter_Mitchell-Thomson,_2nd_Baron_Selsdon"
Eleutheros_Cooke,Henry_D._Cooke
Josephine_Wayne,Michael_Wayne
Anna_Carteret,Hattie_Morahan
Stevens_Thomson_Mason_(Virginia),Armistead_Thomson_Mason
Joseph_Octave_Mousseau,Joseph-Octave_Mousseau
Hadi_Khorsandi,Shappi_Khorsandi
Thomas_F._Frist_Sr.,Thomas_F._Frist_Jr.
Viktor_Yanukovych,Viktor_Viktorovych_Yanukovych
John_Harding_(Southern_planter),William_Giles_Harding
Marian_Wyrzykowski,Juliusz_Wyrzykowski
"Alexander_Stewart,_Earl_of_Buchan",Mairead_inghean_Eachann
Leona_Florentino,Isabelo_de_los_Reyes
Jessie_Street,Laurence_Street
Adam,Seth
Hemendra_Mohan_Bose,Nitin_Bose
Isaac_in_Islam,Jacob_in_Islam
Bill_Onus,Lin_Onus
Jesse_Ventura,Tyrel_Ventura
Mario_Cuomo,Chris_Cuomo
Ashikaga_Takauji,Ashikaga_Motouji
Louis_Malle,Gila_von_Weitershausen
"Henrietta_Howard,_Countess_of_Suffolk","Henry_Howard,_10th_Earl_of_Suffolk"
Judith_of_Schweinfurt,Vratislaus_II_of_Bohemia
Abby_May,Elizabeth_Sewall_Alcott
Ratna_Pathak,Vivaan_Shah
Henry_H._Straight,Willard_Dickerman_Straight
Javed_Siddiqui,Sameer_Siddiqui
Marjorie_Lord,Anne_Archer
John_Young_(Hawaii),Fanny_Kekelaokalani
Melesina_Trench,Richard_Chenevix_Trench
Hu_Die,Li_Zongren
Charles_Richard_Fairey,John_Fairey
George_Mercer_(merchant),George_Duncan_Mercer
Edward_F._Cox,Christopher_Nixon_Cox
Dom_DeLuise,David_DeLuise
Hattie_Caraway,Paul_Caraway
Peggy_Hill,Bobby_Hill_(King_of_the_Hill)
Fatimah,Muhsin_ibn_Ali
Amos_Bronson_Alcott,Anna_Alcott_Pratt
Isma'il_ibn_Jafar,Ali_ibn_Ismail
Joseph_E._Grosberg,Mildred_Grosberg_Bellin
"Ruth_Roche,_Baroness_Fermoy",Frances_Shand_Kydd
Victor_Hammer_(businessman),Armand_Hammer
Pope_Julius_II,Felice_della_Rovere
Helen_J._Farabee,David_Farabee
Skip_Caray,Chip_Caray
Ajoy_Roy,Avijit_Roy
Joseph_Dubuc,Lucien_Dubuc
"Thomas_Howard,_1st_Earl_of_Berkshire",Robert_Howard_(playwright)
Yang_Kaihui,Mao_Anying
Baburao_Govindrao_Shirke,Ajay_Shirke
Diana_Ross,Tracee_Ellis_Ross
Robert_Williams_Daniel,Robert_Daniel
"Charles_Brandon,_1st_Duke_of_Suffolk","Charles_Brandon,_3rd_Duke_of_Suffolk"
John_%22Mad_Jack%22_Byron,Lord_Byron
"Hariot_Hamilton-Temple-Blackwood,_Marchioness_of_Dufferin_and_Ava","Frederick_Hamilton-Temple-Blackwood,_3rd_Marquess_of_Dufferin_and_Ava"
David_Crombie,Jonathan_Crombie
Jacqueline_Kennedy_Onassis,Patrick_Bouvier_Kennedy
Clinton_L._Merriam,Florence_Augusta_Merriam_Bailey
August_Anheuser_Busch_Sr.,Adolphus_Busch_III
Prabhabati_Bose_(Dutt),Sarat_Chandra_Bose
Neville_Howse,John_Howse
Sylvana_Tomaselli,Lady_Marina_Charlotte_Windsor
Susan_Barrantes,"Sarah,_Duchess_of_York"
Chuck_Strahl,Mark_Strahl
Leonard_Katzman,Sherill_Lynn_Rettino
Tony_Benn,Melissa_Benn
Henry_Martyn_Dexter,Henry_Morton_Dexter
"Frances_Anne_Spencer-Churchill,_Duchess_of_Marlborough",Sarah_Wilson_(war_correspondent)
Anuruddha_Ratwatte,Mahendra_Ratwatte
Tarek_Fatah,Natasha_Fatah
Andrew_Parker_Bowles,Laura_Lopes
Barry_Gibb,Steve_Gibb
George_Dement,Tim_Dement
Keith_Mars,Veronica_Mars_(character)
George_Washington_(inventor),"George_Washington,_Jr."
Alice_Mason,Emily_Mason
Nissanka_Wijeyeratne,Mano_Wijeyeratne
Dorothy_Kitson,John_Pakington_(died_1625)
José_de_Castro,Álvaro_de_Castro
Isaac_N._Carleton,Walter_Tenney_Carleton
Geoffrey_Kendal,Jennifer_Kendal
Joseph_Stephen_Crane,Cheryl_Crane
Fritz_Gurlitt,Manfred_Gurlitt
Eduardo_Scarpetta,Titina_De_Filippo
Charles_Louis_Fleischmann,Julius_Fleischmann
Jean_Joseph_de_Barth,Louis_de_Barth
"Katherine_Stanhope,_Countess_of_Chesterfield","Philip_Stanhope,_2nd_Earl_of_Chesterfield"
Upendrakishore_Ray_Chowdhury,Sukumar_Ray
Lewis_J._Selznick,Myron_Selznick
Jean_Kasem,Kerri_Kasem
Lily_Munster,Eddie_Munster
Carl_Friedrich_Wilhelm_Duncker,Franz_Duncker
Drupada,Dhrishtadyumna
"Hermione_Cobbold,_Baroness_Cobbold","David_Lytton-Cobbold,_2nd_Baron_Cobbold"
Emilia_Baeyertz,Charles_Nalder_Baeyertz
Linda_McMahon,Stephanie_McMahon
Christen_Schmidt,Frederik_Schmidt
Shmuel_Zytomirski,Henio_Zytomirski
Ross_Rival,Jon_Hernandez
Walter_C._Alvarez,Luis_Walter_Alvarez
"Alexander_Stewart,_Earl_of_Buchan","Alexander_Stewart,_Earl_of_Mar"
Ann_Parker_Bowles,Andrew_Parker_Bowles
Elizabeth_Inglis,Sigourney_Weaver
Hešeri_Sonin,Songgotu
Tessa_Kennedy,Damian_Elwes
Max_Ruddock,Philip_Ruddock
Otto_Frank,Anne_Frank
Edward_A._Kawānanakoa,Quentin_Kawānanakoa
Erich_Fritz_Schweinburg,Raina_Fehl
Stephen_Murray-Smith,Joanna_Murray-Smith
Ana_Milena_Muñoz_Gómez,Simón_Gaviria_Muñoz
Piotr_Fronczewski,Magda_Fronczewska
Julius_Rosenwald,William_Rosenwald
Richard_Nixon,Julie_Nixon_Eisenhower
Anthony_Denis_Maurice_George_de_Worms,Charles_de_Worms
Joseph_P._Kennedy_Sr.,Jean_Kennedy_Smith
William_Booth,Kate_Booth
Robert_Stephens,Chris_Larkin
Nigel_Calder,Simon_Calder
Joseph_Anderson,Alexander_O._Anderson
Samuel_Curtis_Johnson_Jr.,Winnie_Johnson-Marquart
Abd_Manaf_ibn_Qusai,Muttalib_ibn_Abd_Manaf
Jaime_Lannister,Tommen_Baratheon
John_Eager_Howard,Benjamin_Chew_Howard
Patty_Duke,Sean_Astin
Niles_Crane,Daphne_Moon
Betty_DeGeneres,Vance_DeGeneres
Jacqueline_Kennedy_Onassis,Caroline_Kennedy
Peter_Ritchie_Calder,Angus_Calder
Joseph_P._Kennedy_Sr.,"Kathleen_Cavendish,_Marchioness_of_Hartington"
Caroline_Harrison,Mary_Harrison_McKee
Roland_Joffé,Nathalie_Lunghi
Amala_Shankar,Ananda_Shankar
J._E._Jumonville_Sr.,J._E._Jumonville_Jr.
Lakhiram_Agrawal,Amar_Agrawal
Boris_Sagal,Jean_Sagal
Martin_Landau,Juliet_Landau
Balaji_Baji_Rao,Madhavrao_I
Qian_Kuan,Qian_Liu
Richard_Robert_Madden,Thomas_More_Madden
Seiko_Matsuda,Sayaka_Kanda
Maureen_O'Sullivan,Prudence_Farrow
Boman_Irani,Kayoze_Irani
Robert_Stirling,Patrick_Stirling
Ben_Vereen,Usher_(singer)
Alyque_Padamsee,Shazahn_Padamsee
Michel_Klyne,George_Klyne
Clyde_Haberman,Maggie_Haberman
William_Weightman,Anne_Weightman
Abram_Irvin_McDowell,John_Adair_McDowell_(colonel)
Edmund_C._Hinde,Harry_Hinde
R._B._Choudary,Jithan_Ramesh
Anne_Hathaway_(Shakespeare's_wife),Hamnet_Shakespeare
Marshall_Field_III,Marshall_Field_IV
Alec_Baldwin,Ireland_Baldwin
Eleanor_Coppola,Sofia_Coppola
Vito_Corleone,Connie_Corleone
Thomas_Brassey,Henry_Brassey
Lindsay_Frost,Lucas_Giolito
Aaron_Burr,Theodosia_Burr_Alston
Jesse_James,Jesse_E._James
Ray_Winstone,Jaime_Winstone
Laurette_Taylor,Dwight_Taylor_(writer)
Noreen_Nash,Lee_Siegel_(professor_and_novelist)
Abram_Nicholas_Pritzker,Jay_Pritzker
Robert_F._Kennedy,Max_Kennedy
Shirley_Douglas,Kiefer_Sutherland
Hideki_Takahashi,Maasa_Takahashi
Salah_(biblical_figure),Eber
Kenny_Blatchford,Howard_Peter_Blatchford
Maureen_Lipman,Amy_Rosenthal
Lady_Charlotte_Guest,"Edward_Ponsonby,_8th_Earl_of_Bessborough"
William_Ewart_Gladstone,William_Henry_Gladstone
Anastasio_Somoza_García,Lillian_Somoza_Debayle
Lord_Edward_Somerset,Edward_Arthur_Somerset
Felix_Fuentebella,Arnulfo_Fuentebella
Patrick_Tse,Nicholas_Tse
Khair_Bakhsh_Marri,Hyrbyair_Marri
Alfred_Newman_(composer),David_Newman_(composer)